,Lane,GameID,Champion
0,MID,3015928183,142
1,MID,3015886743,142
2,BOTTOM,3015862733,145
3,MID,3015846686,38
4,TOP,3015357212,38
5,BOTTOM,3015782133,63
6,MID,3015739551,45
7,MID,3015750507,82
8,NONE,3015716046,82
9,MID,3015646628,45
10,JUNGLE,3015828030,24
11,JUNGLE,3015843631,77
12,JUNGLE,3015819536,254
13,JUNGLE,3015807153,254
14,JUNGLE,3015794547,254
15,MID,3011346967,40
16,BOTTOM,3011321100,267
17,JUNGLE,3011312376,64
18,JUNGLE,3011284221,203
19,BOTTOM,3010687932,9
20,JUNGLE,3013981166,163
21,NONE,3013975086,432
22,NONE,3013939134,85
23,NONE,3012054303,268
24,JUNGLE,3012046301,555
25,NONE,3015982639,20
26,NONE,3015946561,10
27,BOTTOM,3015545652,145
28,BOTTOM,3015517285,119
29,BOTTOM,3015462993,119
30,BOTTOM,3015686548,37
31,MID,3015669152,131
32,BOTTOM,3015602459,37
33,NONE,3015396697,245
34,BOTTOM,3014897852,37
35,BOTTOM,3015364735,8
36,NONE,3015340586,114
37,TOP,3015315619,6
38,NONE,3015310705,145
39,NONE,3015306270,10
40,JUNGLE,3015767932,427
41,BOTTOM,3015625552,119
42,MID,3015583391,10
43,MID,3015563974,105
44,TOP,3015541096,420
45,MID,3015733590,7
46,MID,3015729263,7
47,NONE,3015716631,81
48,NONE,3015696208,127
49,NONE,3015671324,127
50,BOTTOM,3013404638,117
51,NONE,3013377249,25
52,BOTTOM,3013326058,412
53,BOTTOM,3013339980,412
54,BOTTOM,3013304060,81
55,MID,3015638450,4
56,BOTTOM,3014240679,15
57,NONE,3014218484,8
58,NONE,3014053013,119
59,NONE,3013523689,157
60,JUNGLE,3015363425,36
61,JUNGLE,3015334374,35
62,NONE,3014080446,201
63,BOTTOM,3014041870,412
64,BOTTOM,3014021173,25
65,MID,3012689576,126
66,MID,3012594118,126
67,MID,3012583046,126
68,MID,3012540873,126
69,TOP,3012522032,126
70,NONE,3014225014,268
71,BOTTOM,3013868977,15
72,NONE,3010896950,14
73,BOTTOM,3010848637,81
74,NONE,3010853924,142
75,TOP,3015956228,84
76,TOP,3015629550,84
77,TOP,3015573249,517
78,TOP,3015533840,10
79,TOP,3015504812,10
80,TOP,3013765955,245
81,BOTTOM,3013719281,37
82,MID,3013714068,26
83,JUNGLE,3012504460,50
84,MID,3010019622,245
85,JUNGLE,3015990530,30
86,NONE,3015939916,89
87,BOTTOM,3015906039,89
88,NONE,3015900119,89
89,NONE,3015042746,81
90,JUNGLE,3015681525,120
91,NONE,3015664177,102
92,NONE,3015629548,6
93,NONE,3015613555,59
94,JUNGLE,3015593033,11
95,MID,3011254514,157
96,TOP,3011216350,10
97,MID,3011177447,84
98,MID,3011143318,84
99,MID,3011112704,157
100,BOTTOM,3015215279,67
101,BOTTOM,3015053087,222
102,BOTTOM,3015028551,222
103,BOTTOM,3015032403,222
104,NONE,3014889614,67
105,NONE,3015412020,222
106,BOTTOM,3015384540,119
107,BOTTOM,3015367217,22
108,BOTTOM,3015351367,110
109,BOTTOM,3014354689,22
110,BOTTOM,3015986182,12
111,JUNGLE,3015944204,33
112,JUNGLE,3015925567,33
113,MID,3015793209,12
114,BOTTOM,3015456909,12
115,NONE,3013603076,15
116,TOP,3013602080,38
117,NONE,3013601403,38
118,NONE,3013590163,268
119,NONE,3013579380,498
120,TOP,3015992820,27
121,BOTTOM,3015945062,429
122,MID,3015349904,421
123,MID,3015322309,50
124,NONE,3015294675,421
125,JUNGLE,3015956934,120
126,JUNGLE,3015928178,120
127,NONE,3015923860,113
128,JUNGLE,3015774038,120
129,JUNGLE,3015762836,120
130,MID,3015974872,32
131,MID,3015957423,16
132,NONE,3015952575,79
133,TOP,3015828617,27
134,NONE,3015347651,63
135,MID,3014232957,39
136,MID,3012511787,39
137,NONE,3012476865,39
138,JUNGLE,3012028789,30
139,MID,3011998946,39
140,MID,3015254721,157
141,NONE,3015181038,145
142,BOTTOM,3015135074,53
143,BOTTOM,3014032795,51
144,MID,3012691681,238
145,TOP,3015662122,41
146,NONE,3015616626,96
147,MID,3015588821,13
148,JUNGLE,3015367489,64
149,JUNGLE,3015238324,421
150,JUNGLE,3014664996,60
151,TOP,3014583527,126
152,JUNGLE,3014572546,421
153,JUNGLE,3014518885,64
154,JUNGLE,3014325850,56
155,BOTTOM,3013742577,555
156,BOTTOM,3013726459,412
157,MID,3013627812,72
158,NONE,3012354080,412
159,BOTTOM,3012359883,117
160,TOP,3015981774,240
161,TOP,3015965729,14
162,TOP,3015879274,68
163,TOP,3015872682,68
164,NONE,3015829131,14
165,MID,3015043997,39
166,TOP,3014998088,122
167,TOP,3013889113,31
168,TOP,3013507245,122
169,NONE,3012583664,555
170,NONE,3014575095,8
171,TOP,3013755115,126
172,TOP,3013718884,8
173,JUNGLE,3013714068,59
174,TOP,3013708619,126
175,BOTTOM,3015632946,119
176,BOTTOM,3015522987,25
177,BOTTOM,3015467795,119
178,TOP,3015438820,15
179,NONE,3015452511,119
180,TOP,3015986182,39
181,TOP,3015956503,92
182,NONE,3015952511,92
183,JUNGLE,3015934394,141
184,TOP,3015884318,92
185,BOTTOM,3015329582,223
186,BOTTOM,3015321186,101
187,MID,3015069260,101
188,BOTTOM,3015045867,101
189,BOTTOM,3015041849,26
190,JUNGLE,3010100337,79
191,NONE,3009147109,64
192,JUNGLE,3009141858,6
193,JUNGLE,3009118457,6
194,JUNGLE,3009115537,6
195,BOTTOM,3015757306,429
196,BOTTOM,3015752499,429
197,BOTTOM,3015665017,236
198,BOTTOM,3015056541,429
199,BOTTOM,3015043662,429
200,MID,3012303179,238
201,MID,3010057432,238
202,NONE,3010034095,238
203,MID,3010027438,238
204,MID,3010012778,238
205,NONE,3014160617,40
206,BOTTOM,3014137998,40
207,BOTTOM,3013592073,40
208,NONE,3013610733,16
209,BOTTOM,3013579547,16
210,JUNGLE,3015982920,77
211,JUNGLE,3015505555,77
212,TOP,3015474900,77
213,JUNGLE,3015454952,77
214,JUNGLE,3015418559,77
215,NONE,3014224462,412
216,BOTTOM,3014240618,412
217,BOTTOM,3014216243,432
218,NONE,3014204431,432
219,NONE,3014202899,432
220,BOTTOM,3015223949,12
221,BOTTOM,3015196620,12
222,BOTTOM,3015188869,12
223,BOTTOM,3015183462,37
224,BOTTOM,3015138557,37
225,BOTTOM,3015467795,101
226,MID,3015349623,101
227,MID,3015362438,101
228,MID,3015316743,150
229,BOTTOM,3015309432,161
230,MID,3014357649,103
231,MID,3014317498,42
232,MID,3014320600,145
233,MID,3014284055,103
234,BOTTOM,3014276692,145
235,TOP,3015528483,39
236,TOP,3015494440,8
237,NONE,3015224558,60
238,NONE,3015240218,126
239,TOP,3015215350,58
240,MID,3015848359,518
241,MID,3015824674,45
242,JUNGLE,3015819972,59
243,MID,3015816583,45
244,MID,3015803382,161
245,NONE,3015707451,110
246,NONE,3015713623,82
247,NONE,3015688468,161
248,NONE,3015672447,37
249,MID,3015665880,145
250,TOP,3015947113,86
251,JUNGLE,3015546918,83
252,TOP,3015237297,50
253,TOP,3015231812,14
254,TOP,3015177990,24
255,NONE,3009375191,76
256,NONE,3009370384,59
257,JUNGLE,3009200032,59
258,JUNGLE,3005863469,121
259,JUNGLE,3005849829,59
260,MID,3015742626,43
261,NONE,3015731264,74
262,NONE,3015708106,117
263,NONE,3015704668,12
264,NONE,3015701196,555
265,NONE,3015635354,13
266,MID,3015586879,157
267,TOP,3015556476,39
268,MID,3015544667,13
269,MID,3015505256,50
270,NONE,3015011820,518
271,BOTTOM,3014984448,21
272,TOP,3014795969,429
273,NONE,3014761645,39
274,TOP,3014578098,102
275,TOP,3015782773,103
276,MID,3015781409,498
277,MID,3015759710,35
278,BOTTOM,3015747208,81
279,NONE,3015754927,3
280,MID,3015251774,238
281,NONE,3015246915,67
282,MID,3015219618,238
283,MID,3015191635,238
284,BOTTOM,3015174860,22
285,BOTTOM,3012737438,51
286,BOTTOM,3012730017,43
287,BOTTOM,3012702089,40
288,BOTTOM,3012244495,267
289,BOTTOM,3012229663,117
290,TOP,3015965539,420
291,TOP,3015930833,420
292,MID,3015891442,420
293,TOP,3015874783,420
294,TOP,3015839412,420
295,NONE,3015903568,89
296,NONE,3015759676,114
297,NONE,3015738310,6
298,NONE,3015755991,89
299,NONE,3015743860,104
300,BOTTOM,3013151899,236
301,BOTTOM,3013128339,99
302,BOTTOM,3013134463,63
303,BOTTOM,3012402974,143
304,NONE,3012362683,99
305,BOTTOM,3015642083,15
306,BOTTOM,3015622500,236
307,BOTTOM,3014669491,236
308,BOTTOM,3014608817,236
309,BOTTOM,3014567449,63
310,MID,3015850405,7
311,MID,3015824850,142
312,TOP,3013830129,84
313,BOTTOM,3013200252,15
314,MID,3011955932,101
315,BOTTOM,3015514015,145
316,TOP,3014213276,92
317,MID,3014201378,39
318,NONE,3010811837,157
319,NONE,3010807609,555
320,NONE,3014432936,154
321,BOTTOM,3014424276,154
322,BOTTOM,3014357649,9
323,BOTTOM,3014328153,9
324,BOTTOM,3014295292,111
325,BOTTOM,3012403423,119
326,BOTTOM,3012378068,18
327,NONE,3012375367,222
328,BOTTOM,3012370700,67
329,TOP,3012328181,18
330,BOTTOM,3015960766,8
331,TOP,3015263394,41
332,TOP,3015234387,41
333,TOP,3014375523,41
334,TOP,3014344439,41
335,NONE,3013606268,267
336,NONE,3013529025,37
337,BOTTOM,3013502320,40
338,NONE,3013491732,12
339,BOTTOM,3012482343,89
340,NONE,3013785652,154
341,JUNGLE,3013759597,120
342,JUNGLE,3012185779,141
343,JUNGLE,3012148239,120
344,JUNGLE,3012134389,113
345,BOTTOM,3015300063,18
346,NONE,3014050183,21
347,TOP,3013476549,18
348,NONE,3013471836,22
349,MID,3010481506,81
350,NONE,3014365369,203
351,BOTTOM,3012451512,37
352,TOP,3012291633,120
353,BOTTOM,3012299793,74
354,BOTTOM,3012269182,267
355,NONE,3016000272,39
356,TOP,3015994035,30
357,TOP,3015948228,141
358,TOP,3015962217,21
359,TOP,3015741588,55
360,BOTTOM,3015580105,267
361,BOTTOM,3015164304,267
362,BOTTOM,3014623752,267
363,TOP,3014592869,78
364,TOP,3014574105,222
365,MID,3015741181,112
366,NONE,3015727895,59
367,NONE,3015705631,57
368,NONE,3015712505,517
369,JUNGLE,3015684952,126
370,JUNGLE,3015959917,59
371,JUNGLE,3015923134,203
372,JUNGLE,3015838752,59
373,JUNGLE,3015344218,421
374,JUNGLE,3015309597,60
375,BOTTOM,3015684681,29
376,BOTTOM,3015646628,29
377,BOTTOM,3015627837,29
378,BOTTOM,3015598236,29
379,BOTTOM,3015577937,29
380,BOTTOM,3015683674,3
381,BOTTOM,3015656178,12
382,BOTTOM,3015366140,3
383,BOTTOM,3015316600,12
384,BOTTOM,3015287644,53
385,BOTTOM,3013364143,432
386,NONE,3013270737,29
387,NONE,3013237792,96
388,NONE,3013233461,61
389,NONE,3012520884,203
390,MID,3014901647,42
391,NONE,3014794326,15
392,NONE,3014628279,76
393,NONE,3014575917,201
394,NONE,3014559745,8
395,MID,3015638450,126
396,NONE,3015597631,126
397,MID,3015577937,126
398,MID,3014797231,13
399,MID,3014421814,126
400,BOTTOM,3014368285,115
401,NONE,3014361558,40
402,MID,3014324320,143
403,BOTTOM,3014307922,115
404,BOTTOM,3014302250,74
405,TOP,3015061537,13
406,TOP,3015016112,24
407,MID,3014998088,236
408,MID,3014979870,38
409,MID,3014890952,69
410,TOP,3015920482,13
411,TOP,3015882685,13
412,TOP,3015862733,84
413,TOP,3015278822,39
414,NONE,3015225792,13
415,NONE,3015720745,51
416,MID,3015191635,51
417,NONE,3014398355,51
418,NONE,3013865823,51
419,BOTTOM,3013466473,119
420,BOTTOM,3008727095,429
421,BOTTOM,3008698558,429
422,BOTTOM,3008671750,81
423,TOP,3008654001,85
424,BOTTOM,3008628077,51
425,JUNGLE,3013843187,107
426,JUNGLE,3013815385,421
427,JUNGLE,3013796562,107
428,JUNGLE,3013710950,107
429,MID,3013635371,110
430,NONE,3015467317,119
431,BOTTOM,3014341045,67
432,NONE,3014270904,267
433,BOTTOM,3014221951,267
434,NONE,3014199386,267
435,TOP,3015425829,84
436,MID,3015195284,13
437,JUNGLE,3014561424,86
438,JUNGLE,3014541118,64
439,MID,3014501616,13
440,TOP,3015974543,245
441,NONE,3015970147,21
442,NONE,3015429090,96
443,NONE,3015396623,42
444,TOP,3015354166,122
445,MID,3014306452,157
446,BOTTOM,3012479444,157
447,MID,3012463079,157
448,MID,3012417315,163
449,NONE,3012413533,13
450,MID,3015969035,238
451,MID,3015941315,39
452,TOP,3015889734,39
453,JUNGLE,3015902474,64
454,MID,3015866620,61
455,MID,3015068262,8
456,TOP,3015045733,42
457,TOP,3014463628,8
458,MID,3014445892,8
459,TOP,3014424276,8
460,TOP,3015970229,41
461,TOP,3015731788,41
462,TOP,3015715355,41
463,JUNGLE,3015687800,86
464,JUNGLE,3015680401,121
465,NONE,3015886602,74
466,TOP,3015780557,80
467,NONE,3015757611,81
468,NONE,3015756109,18
469,TOP,3015294114,23
470,MID,3014170387,107
471,JUNGLE,3014148511,107
472,MID,3014154785,92
473,TOP,3014140548,92
474,TOP,3014107284,92
475,MID,3015557882,10
476,MID,3015537658,101
477,MID,3015517285,101
478,MID,3013920310,84
479,MID,3013887709,31
480,JUNGLE,3012808699,23
481,MID,3012805713,23
482,TOP,3012725403,23
483,NONE,3012721939,23
484,TOP,3012686520,23
485,JUNGLE,3015376336,28
486,JUNGLE,3015367217,28
487,JUNGLE,3015329582,28
488,JUNGLE,3015323917,254
489,JUNGLE,3015287005,28
490,BOTTOM,3011953167,498
491,TOP,3011924054,50
492,BOTTOM,3011851380,81
493,BOTTOM,3010055489,81
494,BOTTOM,3010049986,81
495,TOP,3015990530,111
496,TOP,3015963198,111
497,TOP,3015937622,111
498,NONE,3015696208,111
499,MID,3015665017,111
500,JUNGLE,3014792397,266
501,TOP,3014621649,8
502,TOP,3014579699,126
503,TOP,3014528015,8
504,NONE,3014520365,8
505,JUNGLE,3014568085,33
506,JUNGLE,3014536362,121
507,JUNGLE,3014408910,121
508,NONE,3014419925,121
509,JUNGLE,3014370898,141
510,BOTTOM,3011016250,429
511,NONE,3011010924,110
512,BOTTOM,3010974471,21
513,NONE,3010938930,45
514,BOTTOM,3010928569,22
515,BOTTOM,3015480157,555
516,JUNGLE,3015349623,56
517,JUNGLE,3014465309,92
518,BOTTOM,3014283185,412
519,NONE,3013976376,201
520,NONE,3015747309,9
521,NONE,3015716046,60
522,BOTTOM,3015523663,157
523,NONE,3015441691,427
524,NONE,3015426565,60
525,JUNGLE,3014140355,203
526,NONE,3014128962,59
527,BOTTOM,3014114113,81
528,BOTTOM,3014089491,145
529,BOTTOM,3014083255,498
530,MID,3015833227,238
531,TOP,3015796693,238
532,BOTTOM,3015813722,236
533,BOTTOM,3015792019,29
534,MID,3015788623,4
535,BOTTOM,3015986919,63
536,JUNGLE,3015858667,77
537,JUNGLE,3015828617,77
538,NONE,3015825722,120
539,JUNGLE,3015460532,77
540,NONE,3014590688,8
541,JUNGLE,3013843768,59
542,NONE,3012589915,126
543,NONE,3012583664,6
544,NONE,3012049787,6
545,BOTTOM,3015722601,101
546,TOP,3015023301,15
547,TOP,3015007821,34
548,NONE,3014984226,238
549,MID,3014898120,1
550,JUNGLE,3015808646,19
551,JUNGLE,3015634744,19
552,JUNGLE,3015586879,19
553,JUNGLE,3015578416,19
554,NONE,3015571461,19
555,BOTTOM,3014012036,43
556,BOTTOM,3014003372,412
557,NONE,3013976376,3
558,BOTTOM,3012782846,223
559,BOTTOM,3012780355,497
560,NONE,3015760125,103
561,MID,3015757592,103
562,MID,3015754991,103
563,TOP,3015708650,103
564,MID,3015713789,103
565,TOP,3015474900,92
566,MID,3015453958,67
567,TOP,3015424618,92
568,TOP,3015387020,67
569,TOP,3015381058,67
570,BOTTOM,3015813026,516
571,BOTTOM,3015789821,516
572,BOTTOM,3015053904,516
573,NONE,3015061174,222
574,BOTTOM,3015030930,516
575,JUNGLE,3015756048,120
576,JUNGLE,3013845790,104
577,JUNGLE,3013818351,121
578,NONE,3013813085,120
579,NONE,3013780728,121
580,TOP,3015986919,80
581,TOP,3014254841,80
582,TOP,3014003372,80
583,MID,3013718388,80
584,TOP,3013732811,80
585,JUNGLE,3015930833,19
586,JUNGLE,3015891442,19
587,NONE,3015870760,19
588,JUNGLE,3015197695,19
589,JUNGLE,3015175910,19
590,MID,3015970229,39
591,TOP,3015941315,41
592,NONE,3015921537,39
593,TOP,3015884318,41
594,MID,3015858667,41
595,JUNGLE,3014135130,113
596,JUNGLE,3014140548,60
597,JUNGLE,3014125162,59
598,JUNGLE,3014097195,421
599,JUNGLE,3014064906,427
600,JUNGLE,3013728178,30
601,BOTTOM,3013723570,145
602,JUNGLE,3013203637,59
603,JUNGLE,3010228343,20
604,JUNGLE,3010209806,113
605,MID,3015646628,6
606,TOP,3015638727,84
607,NONE,3015597631,84
608,TOP,3015577937,6
609,NONE,3015571461,240
610,BOTTOM,3015641434,81
611,BOTTOM,3015634043,18
612,BOTTOM,3015595128,119
613,BOTTOM,3015554415,236
614,BOTTOM,3015262554,18
615,JUNGLE,3015974488,120
616,BOTTOM,3015957427,432
617,BOTTOM,3015917100,120
618,NONE,3015919743,120
619,NONE,3015692173,497
620,JUNGLE,3014792397,60
621,JUNGLE,3014621649,120
622,JUNGLE,3014579699,120
623,JUNGLE,3014528015,59
624,NONE,3014520365,59
625,NONE,3015650545,112
626,BOTTOM,3015610983,119
627,BOTTOM,3015555866,67
628,BOTTOM,3015528303,29
629,BOTTOM,3015539852,29
630,BOTTOM,3015086457,40
631,BOTTOM,3015084794,16
632,NONE,3014280476,254
633,NONE,3014277626,43
634,NONE,3014265254,117
635,NONE,3015147607,141
636,JUNGLE,3013827676,141
637,JUNGLE,3013810457,120
638,MID,3013271467,142
639,JUNGLE,3013254974,141
640,TOP,3015782636,68
641,TOP,3015760499,68
642,MID,3015757592,8
643,TOP,3015754991,92
644,NONE,3015741391,114
645,NONE,3015799460,121
646,MID,3015805425,38
647,JUNGLE,3015771068,102
648,JUNGLE,3015731788,421
649,JUNGLE,3015696880,245
650,BOTTOM,3015346205,12
651,NONE,3015246915,39
652,TOP,3014502739,24
653,TOP,3014484461,84
654,TOP,3014437616,39
655,NONE,3015724300,85
656,TOP,3015687880,85
657,TOP,3015671275,68
658,TOP,3015639487,85
659,TOP,3015632742,85
660,NONE,3015651083,64
661,JUNGLE,3014495064,64
662,JUNGLE,3014484461,19
663,JUNGLE,3013172445,64
664,JUNGLE,3013157048,64
665,BOTTOM,3015976889,518
666,BOTTOM,3015750014,81
667,NONE,3015707101,518
668,BOTTOM,3015485663,51
669,BOTTOM,3015456735,518
670,JUNGLE,3015969035,30
671,JUNGLE,3015941315,59
672,JUNGLE,3015923134,163
673,NONE,3015731022,39
674,MID,3015707505,157
675,NONE,3015946561,37
676,BOTTOM,3015854605,37
677,BOTTOM,3015128816,37
678,BOTTOM,3014595292,37
679,BOTTOM,3014221968,37
680,NONE,3014165299,141
681,BOTTOM,3014184113,15
682,JUNGLE,3014171976,141
683,JUNGLE,3014170387,141
684,NONE,3014139707,141
685,BOTTOM,3015782051,145
686,TOP,3015759971,85
687,BOTTOM,3015756914,67
688,NONE,3015733953,67
689,BOTTOM,3015719206,81
690,MID,3015813722,69
691,TOP,3015811179,75
692,MID,3015787008,75
693,MID,3015765925,75
694,NONE,3015783567,75
695,MID,3012239642,126
696,MID,3012236944,126
697,MID,3012219265,126
698,MID,3012222191,126
699,MID,3012168451,126
700,TOP,3015906039,58
701,TOP,3015868938,8
702,TOP,3015853484,83
703,TOP,3013641187,83
704,TOP,3013609586,83
705,NONE,3015831885,106
706,JUNGLE,3015796429,59
707,JUNGLE,3015792019,59
708,JUNGLE,3015493567,59
709,JUNGLE,3015187961,421
710,NONE,3015639830,497
711,MID,3015175121,39
712,NONE,3015181038,114
713,MID,3015153881,163
714,MID,3015119324,84
715,NONE,3015921537,240
716,MID,3015846896,240
717,TOP,3015821294,58
718,NONE,3015799460,240
719,MID,3015795978,240
720,BOTTOM,3015683235,201
721,TOP,3015642408,31
722,MID,3015635071,112
723,BOTTOM,3015605430,555
724,BOTTOM,3015575137,161
725,JUNGLE,3014066296,30
726,JUNGLE,3014017588,421
727,JUNGLE,3014020530,2
728,NONE,3012419480,421
729,JUNGLE,3011955922,59
730,BOTTOM,3015980300,429
731,BOTTOM,3015963784,518
732,MID,3015925749,84
733,TOP,3013626817,131
734,BOTTOM,3013643414,266
735,NONE,3015496898,122
736,NONE,3015510204,24
737,NONE,3015475239,4
738,NONE,3015458381,96
739,MID,3015432489,107
740,NONE,3015946561,107
741,JUNGLE,3015917728,35
742,JUNGLE,3015910171,59
743,JUNGLE,3015866620,35
744,NONE,3015852872,82
745,NONE,3015762090,161
746,TOP,3014138522,518
747,BOTTOM,3014146684,555
748,TOP,3014108901,421
749,NONE,3014125860,7
750,MID,3015658100,37
751,NONE,3015614019,6
752,BOTTOM,3015585559,3
753,MID,3015063354,517
754,MID,3014989331,10
755,NONE,3015992804,92
756,JUNGLE,3015965593,84
757,TOP,3015919092,39
758,NONE,3015923110,96
759,NONE,3015908075,136
760,TOP,3015825346,23
761,BOTTOM,3015820213,81
762,MID,3015816583,82
763,JUNGLE,3015813722,120
764,JUNGLE,3015811179,28
765,BOTTOM,3014763358,236
766,BOTTOM,3014661803,236
767,TOP,3014449690,126
768,MID,3014247042,134
769,BOTTOM,3014233920,498
770,TOP,3015867310,84
771,NONE,3015524308,84
772,BOTTOM,3015491265,119
773,NONE,3015461390,164
774,NONE,3015456305,157
775,NONE,3015052598,240
776,MID,3015037509,240
777,TOP,3014999724,240
778,NONE,3014984592,240
779,TOP,3014666687,96
780,MID,3015336465,55
781,NONE,3015009047,55
782,NONE,3014884621,55
783,MID,3014234989,92
784,NONE,3014242484,157
785,JUNGLE,3014629521,59
786,JUNGLE,3014604749,64
787,JUNGLE,3014564219,60
788,JUNGLE,3014532051,203
789,NONE,3010826676,421
790,TOP,3015976889,2
791,JUNGLE,3015980821,58
792,NONE,3015965522,3
793,TOP,3015959917,10
794,TOP,3015923134,10
795,JUNGLE,3015642408,76
796,JUNGLE,3015635071,121
797,TOP,3015605430,68
798,MID,3015575137,8
799,NONE,3015548691,114
800,TOP,3015705949,429
801,BOTTOM,3015721079,55
802,NONE,3015687906,112
803,TOP,3015672006,41
804,NONE,3015666547,34
805,BOTTOM,3015959358,26
806,BOTTOM,3015357212,26
807,BOTTOM,3015329340,26
808,BOTTOM,3015321593,25
809,BOTTOM,3015059840,26
810,NONE,3015766574,121
811,MID,3015764414,40
812,NONE,3015783283,127
813,BOTTOM,3015771290,145
814,TOP,3015744553,85
815,MID,3015782780,54
816,NONE,3015761685,99
817,MID,3015757306,238
818,TOP,3015744359,54
819,TOP,3015500078,54
820,NONE,3015393891,126
821,NONE,3015349446,50
822,NONE,3015354514,101
823,NONE,3015350301,516
824,NONE,3015316954,238
825,BOTTOM,3015935326,63
826,BOTTOM,3015874783,555
827,MID,3010253486,15
828,NONE,3010238005,24
829,NONE,3010222626,127
830,BOTTOM,3015976161,39
831,TOP,3015969269,39
832,TOP,3015960563,85
833,JUNGLE,3015699710,107
834,JUNGLE,3015683674,141
835,NONE,3015271078,39
836,TOP,3015244791,114
837,TOP,3015219397,266
838,TOP,3014290359,240
839,TOP,3014164913,10
840,BOTTOM,3014226945,498
841,NONE,3014206862,21
842,NONE,3013672172,21
843,BOTTOM,3008095776,21
844,NONE,3007384758,117
845,MID,3015474900,8
846,MID,3015456735,8
847,NONE,3015441691,105
848,TOP,3015405183,8
849,MID,3015387020,105
850,BOTTOM,3015035085,555
851,BOTTOM,3014997595,12
852,BOTTOM,3014979870,12
853,NONE,3014769041,3
854,NONE,3014763696,44
855,TOP,3014666058,10
856,NONE,3014588386,10
857,BOTTOM,3014567446,81
858,TOP,3009842279,24
859,JUNGLE,3009793622,59
860,NONE,3015683862,99
861,MID,3015665349,99
862,MID,3015635559,131
863,NONE,3014466266,99
864,NONE,3014457845,99
865,TOP,3015166080,161
866,BOTTOM,3015135074,497
867,NONE,3015118664,497
868,NONE,3013933463,85
869,MID,3013915694,79
870,TOP,3015703214,164
871,JUNGLE,3015688343,36
872,TOP,3015673631,412
873,MID,3015645795,58
874,NONE,3015640638,3
875,NONE,3015036964,161
876,NONE,3015024609,429
877,TOP,3015010439,122
878,NONE,3015006431,25
879,NONE,3014983388,236
880,TOP,3013908306,81
881,MID,3013889648,7
882,TOP,3013846401,85
883,JUNGLE,3013447345,59
884,MID,3013353158,81
885,NONE,3013266085,27
886,JUNGLE,3012769492,104
887,JUNGLE,3012747541,143
888,JUNGLE,3012744282,133
889,JUNGLE,3012729396,203
890,TOP,3015384540,164
891,TOP,3015367217,164
892,NONE,3015343396,164
893,NONE,3015328589,2
894,NONE,3015314303,164
895,NONE,3015635354,18
896,BOTTOM,3015586879,15
897,BOTTOM,3015556476,8
898,BOTTOM,3015544667,498
899,BOTTOM,3015505256,15
900,MID,3015996206,43
901,BOTTOM,3015955595,236
902,NONE,3015939916,236
903,MID,3015737160,238
904,BOTTOM,3015752499,67
905,TOP,3015885963,92
906,NONE,3015900119,266
907,NONE,3015856065,92
908,NONE,3015861594,92
909,TOP,3015846686,92
910,TOP,3015855518,39
911,NONE,3015861594,126
912,MID,3015707667,236
913,NONE,3015714185,4
914,BOTTOM,3015700152,63
915,NONE,3015636103,429
916,NONE,3015608943,145
917,BOTTOM,3015601806,62
918,MID,3015356525,42
919,BOTTOM,3014420841,18
920,MID,3015722304,37
921,MID,3015696880,412
922,BOTTOM,3015671275,25
923,BOTTOM,3015641445,555
924,BOTTOM,3015632946,99
925,JUNGLE,3014173219,64
926,BOTTOM,3014182048,67
927,BOTTOM,3014170720,81
928,BOTTOM,3014139373,222
929,BOTTOM,3014137342,67
930,JUNGLE,3015607874,77
931,NONE,3015576782,77
932,JUNGLE,3015525895,20
933,JUNGLE,3015495165,20
934,JUNGLE,3015464644,33
935,MID,3012528257,7
936,MID,3012511342,7
937,MID,3012483825,7
938,TOP,3010795865,7
939,BOTTOM,3010800295,7
940,NONE,3015026787,8
941,MID,3015022620,14
942,JUNGLE,3014985029,164
943,TOP,3014896927,92
944,BOTTOM,3014797330,157
945,TOP,3015679871,75
946,NONE,3015521626,92
947,TOP,3015501346,6
948,MID,3015418559,51
949,NONE,3015402637,75
950,NONE,3015287025,76
951,NONE,3014311055,266
952,NONE,3014282842,105
953,BOTTOM,3012368564,63
954,BOTTOM,3012373214,63
955,BOTTOM,3015140659,21
956,TOP,3014569305,24
957,TOP,3014535145,26
958,TOP,3014495064,26
959,NONE,3014490227,91
960,BOTTOM,3010862757,15
961,BOTTOM,3010268068,222
962,NONE,3010243551,18
963,BOTTOM,3010164494,15
964,NONE,3010149523,67
965,NONE,3016010484,39
966,MID,3015984742,121
967,NONE,3014468731,103
968,TOP,3014081392,69
969,NONE,3014055613,104
970,BOTTOM,3015442294,145
971,BOTTOM,3015422673,81
972,BOTTOM,3015357932,67
973,BOTTOM,3014064906,429
974,BOTTOM,3014028386,67
975,NONE,3012397185,517
976,MID,3012391057,161
977,MID,3012374407,161
978,MID,3012349462,101
979,BOTTOM,3012326523,101
980,JUNGLE,3010893418,77
981,JUNGLE,3010865793,107
982,JUNGLE,3010828079,107
983,BOTTOM,3010799708,412
984,JUNGLE,3010784022,30
985,NONE,3012404490,164
986,TOP,3010865225,164
987,TOP,3007869880,10
988,TOP,3007857787,164
989,TOP,3007101901,164
990,BOTTOM,3015761531,412
991,NONE,3015759861,201
992,BOTTOM,3015737098,9
993,TOP,3015708650,126
994,BOTTOM,3015722304,81
995,BOTTOM,3015713244,92
996,JUNGLE,3014466732,28
997,NONE,3014001531,72
998,NONE,3013955917,10
999,MID,3013938579,53
1000,BOTTOM,3015834242,81
1001,BOTTOM,3015819536,67
1002,BOTTOM,3015796108,429
1003,BOTTOM,3015813026,81
1004,MID,3015147278,238
1005,JUNGLE,3015799126,121
1006,NONE,3015805671,24
1007,NONE,3015811966,107
1008,NONE,3015790640,77
1009,BOTTOM,3015768874,157
1010,BOTTOM,3015986248,29
1011,NONE,3015990905,222
1012,BOTTOM,3015910171,498
1013,BOTTOM,3015567389,29
1014,NONE,3015547277,222
1015,MID,3015569568,105
1016,MID,3015537006,117
1017,MID,3015516718,84
1018,NONE,3015268662,1
1019,MID,3015271060,1
1020,BOTTOM,3015972163,21
1021,BOTTOM,3015951595,21
1022,BOTTOM,3015932030,21
1023,BOTTOM,3015884318,21
1024,BOTTOM,3015867984,21
1025,JUNGLE,3014012487,266
1026,JUNGLE,3013984109,266
1027,TOP,3013963110,67
1028,JUNGLE,3013898637,59
1029,NONE,3013761634,59
1030,MID,3012843991,34
1031,TOP,3012862617,34
1032,MID,3012269371,34
1033,NONE,3012268343,34
1034,NONE,3011428042,34
1035,NONE,3014219679,16
1036,NONE,3014214962,16
1037,BOTTOM,3013637867,16
1038,BOTTOM,3013644739,16
1039,NONE,3012590460,16
1040,TOP,3015197695,62
1041,BOTTOM,3014445892,62
1042,JUNGLE,3014423705,62
1043,NONE,3014398355,62
1044,TOP,3013685413,83
1045,TOP,3015565793,39
1046,BOTTOM,3014321205,145
1047,TOP,3013503456,84
1048,JUNGLE,3013477703,28
1049,JUNGLE,3013481900,30
1050,MID,3015782564,517
1051,MID,3015770919,202
1052,NONE,3015759935,101
1053,NONE,3015748236,96
1054,NONE,3015756185,110
1055,TOP,3015970229,84
1056,TOP,3015941553,39
1057,MID,3015922311,157
1058,TOP,3015886026,84
1059,TOP,3015859443,2
1060,BOTTOM,3015960563,267
1061,BOTTOM,3015933443,223
1062,BOTTOM,3015859443,44
1063,BOTTOM,3015828617,201
1064,BOTTOM,3015842698,267
1065,JUNGLE,3015725844,120
1066,JUNGLE,3015679176,120
1067,JUNGLE,3015683235,120
1068,JUNGLE,3015629876,421
1069,TOP,3015568032,120
1070,JUNGLE,3015963198,203
1071,JUNGLE,3015627837,120
1072,JUNGLE,3015598236,203
1073,JUNGLE,3015568851,48
1074,JUNGLE,3015570058,76
1075,BOTTOM,3015430300,432
1076,BOTTOM,3015054400,143
1077,MID,3015050081,142
1078,BOTTOM,3014884940,37
1079,BOTTOM,3014795609,40
1080,TOP,3015820919,23
1081,TOP,3015683057,23
1082,TOP,3015603522,23
1083,TOP,3015156973,23
1084,TOP,3015035817,54
1085,MID,3015854605,43
1086,MID,3015838752,74
1087,MID,3015824850,74
1088,MID,3015522987,74
1089,NONE,3015498048,74
1090,MID,3015782133,26
1091,MID,3015770223,26
1092,MID,3015591153,10
1093,BOTTOM,3015529246,145
1094,MID,3015237797,42
1095,MID,3015217650,134
1096,MID,3014780160,134
1097,MID,3014589591,134
1098,MID,3014568635,134
1099,MID,3014535145,134
1100,MID,3015973699,4
1101,BOTTOM,3015868938,201
1102,MID,3015854605,201
1103,BOTTOM,3015839412,43
1104,MID,3015843631,4
1105,BOTTOM,3015970229,29
1106,NONE,3015952511,29
1107,MID,3015550982,90
1108,NONE,3015532490,498
1109,BOTTOM,3015328672,29
1110,JUNGLE,3015570720,203
1111,BOTTOM,3014577953,157
1112,NONE,3014529160,64
1113,JUNGLE,3014507694,421
1114,NONE,3014010122,39
1115,MID,3015997966,25
1116,NONE,3015982639,238
1117,TOP,3015943530,518
1118,MID,3015934394,238
1119,MID,3015897672,238
1120,JUNGLE,3015522987,59
1121,TOP,3015495068,126
1122,TOP,3015467795,126
1123,TOP,3015440694,85
1124,BOTTOM,3015385256,429
1125,MID,3013356261,238
1126,MID,3013338070,238
1127,MID,3011914000,238
1128,MID,3011863823,91
1129,MID,3010323527,238
1130,BOTTOM,3015913221,53
1131,JUNGLE,3015886418,64
1132,JUNGLE,3015859638,64
1133,JUNGLE,3015855269,64
1134,JUNGLE,3015839412,59
1135,TOP,3015407591,164
1136,NONE,3015402179,24
1137,NONE,3015386430,6
1138,NONE,3015371516,6
1139,TOP,3015210078,6
1140,BOTTOM,3015804132,81
1141,NONE,3015802288,145
1142,NONE,3015800606,15
1143,JUNGLE,3015762820,64
1144,BOTTOM,3015760499,145
1145,NONE,3013551262,6
1146,NONE,3013508741,412
1147,NONE,3013514687,3
1148,NONE,3013501501,145
1149,NONE,3013487248,18
1150,MID,3015884529,68
1151,MID,3015858834,68
1152,NONE,3015852872,75
1153,MID,3015828219,42
1154,MID,3015823317,42
1155,NONE,3015712008,222
1156,TOP,3015686845,14
1157,NONE,3015691263,203
1158,MID,3014567449,245
1159,MID,3014544168,245
1160,BOTTOM,3011256541,53
1161,NONE,3011228758,53
1162,TOP,3011200427,114
1163,TOP,3011148656,164
1164,TOP,3011151265,84
1165,MID,3015751576,90
1166,MID,3015706722,85
1167,MID,3015720631,38
1168,MID,3015684939,38
1169,MID,3015336876,61
1170,JUNGLE,3014996313,64
1171,TOP,3014888244,163
1172,TOP,3014764587,84
1173,NONE,3013721178,497
1174,MID,3013705575,412
1175,JUNGLE,3015974488,2
1176,NONE,3015969292,2
1177,JUNGLE,3013928372,2
1178,TOP,3013897822,2
1179,TOP,3013886792,2
1180,BOTTOM,3014339712,81
1181,NONE,3013659783,141
1182,NONE,3013627789,29
1183,NONE,3013175597,266
1184,TOP,3013181198,266
1185,TOP,3015714044,164
1186,TOP,3015688229,23
1187,TOP,3015682125,164
1188,TOP,3015641445,6
1189,TOP,3015632946,164
1190,BOTTOM,3015762820,3
1191,BOTTOM,3015770223,412
1192,NONE,3015748622,143
1193,BOTTOM,3015735544,201
1194,BOTTOM,3015750261,12
1195,BOTTOM,3014766985,21
1196,BOTTOM,3012709280,412
1197,JUNGLE,3012676768,145
1198,BOTTOM,3011645125,81
1199,BOTTOM,3011609146,236
1200,TOP,3015919574,41
1201,TOP,3015911670,8
1202,TOP,3015826901,36
1203,TOP,3015807153,8
1204,NONE,3015576782,8
1205,NONE,3014214962,29
1206,BOTTOM,3014210470,29
1207,BOTTOM,3014168042,67
1208,BOTTOM,3013626654,29
1209,NONE,3012867507,119
1210,BOTTOM,3015985577,145
1211,JUNGLE,3015638006,120
1212,MID,3015596645,142
1213,MID,3015566725,142
1214,BOTTOM,3015537658,145
1215,BOTTOM,3012483825,236
1216,MID,3012467508,15
1217,JUNGLE,3012450062,203
1218,JUNGLE,3012414552,104
1219,JUNGLE,3009616232,102
1220,MID,3015661675,38
1221,NONE,3015624476,45
1222,TOP,3015544667,92
1223,BOTTOM,3015292526,81
1224,TOP,3015005195,6
1225,JUNGLE,3015982920,120
1226,NONE,3015946561,120
1227,JUNGLE,3015928178,80
1228,JUNGLE,3015891442,421
1229,JUNGLE,3015862733,80
1230,JUNGLE,3015826609,64
1231,TOP,3015677929,64
1232,NONE,3015690468,64
1233,NONE,3015645139,64
1234,NONE,3015277300,64
1235,BOTTOM,3015715227,99
1236,NONE,3015710940,99
1237,NONE,3015696500,16
1238,BOTTOM,3015026560,412
1239,NONE,3014984473,112
1240,NONE,3015756993,59
1241,NONE,3015755087,122
1242,NONE,3015743986,32
1243,TOP,3015729248,27
1244,NONE,3015361871,85
1245,BOTTOM,3015259691,236
1246,BOTTOM,3014666053,21
1247,BOTTOM,3014596534,40
1248,BOTTOM,3014575927,18
1249,MID,3014543777,518
1250,TOP,3014286720,120
1251,TOP,3014255531,39
1252,TOP,3014250694,39
1253,NONE,3013940103,92
1254,TOP,3013675986,39
1255,BOTTOM,3014005315,15
1256,BOTTOM,3013815944,236
1257,MID,3013486514,81
1258,NONE,3012602750,15
1259,BOTTOM,3012477590,236
1260,JUNGLE,3014275974,113
1261,JUNGLE,3014238325,113
1262,BOTTOM,3014223559,518
1263,JUNGLE,3014219460,20
1264,NONE,3014218613,113
1265,NONE,3011941304,42
1266,NONE,3011208256,84
1267,TOP,3011113042,4
1268,NONE,3011086260,4
1269,NONE,3011073448,4
1270,BOTTOM,3015241676,81
1271,NONE,3015197237,145
1272,BOTTOM,3015201175,145
1273,BOTTOM,3014267760,145
1274,BOTTOM,3014253507,145
1275,BOTTOM,3015737098,222
1276,JUNGLE,3015752499,24
1277,BOTTOM,3015718847,236
1278,BOTTOM,3015704657,236
1279,NONE,3015720745,236
1280,NONE,3013896982,4
1281,MID,3013837659,4
1282,MID,3013815944,4
1283,MID,3013796406,4
1284,MID,3013749100,4
1285,JUNGLE,3015804132,64
1286,NONE,3015802288,427
1287,NONE,3015791385,31
1288,NONE,3015778800,64
1289,JUNGLE,3015767932,64
1290,BOTTOM,3015974488,12
1291,NONE,3015716046,432
1292,NONE,3015702063,12
1293,NONE,3015673282,53
1294,NONE,3015667299,53
1295,BOTTOM,3015438514,42
1296,BOTTOM,3015219397,16
1297,TOP,3015213519,36
1298,TOP,3015175910,41
1299,NONE,3015181038,41
1300,NONE,3015053349,103
1301,JUNGLE,3014596534,64
1302,MID,3014554463,7
1303,NONE,3014536925,7
1304,JUNGLE,3014497124,64
1305,TOP,3015997718,126
1306,TOP,3015969035,92
1307,TOP,3015951595,92
1308,TOP,3015924113,92
1309,MID,3015885187,92
1310,MID,3010131759,245
1311,MID,3010104454,238
1312,NONE,3010100241,103
1313,MID,3010073671,96
1314,MID,3010058305,238
1315,BOTTOM,3013829017,117
1316,BOTTOM,3013532590,43
1317,MID,3013516791,12
1318,NONE,3013502594,117
1319,BOTTOM,3013494914,16
1320,TOP,3015788194,518
1321,NONE,3015766400,142
1322,NONE,3015785212,412
1323,BOTTOM,3015129995,81
1324,BOTTOM,3015124924,110
1325,TOP,3015787130,122
1326,MID,3015785662,91
1327,NONE,3015774760,245
1328,MID,3015783554,113
1329,TOP,3015772321,412
1330,MID,3015990530,238
1331,BOTTOM,3015687650,81
1332,MID,3015305010,238
1333,NONE,3015261340,238
1334,TOP,3015199035,39
1335,JUNGLE,3014255531,76
1336,MID,3014228469,38
1337,TOP,3014223559,126
1338,MID,3013846401,126
1339,MID,3013692868,7
1340,BOTTOM,3015980821,18
1341,BOTTOM,3015959917,222
1342,BOTTOM,3015889734,21
1343,BOTTOM,3015893196,222
1344,BOTTOM,3013380367,498
1345,JUNGLE,3015720631,30
1346,JUNGLE,3015680110,30
1347,MID,3015532905,412
1348,JUNGLE,3015510592,120
1349,JUNGLE,3015179669,120
1350,BOTTOM,3015501346,267
1351,BOTTOM,3014567449,555
1352,BOTTOM,3014544168,555
1353,BOTTOM,3014143072,555
1354,NONE,3014142022,267
1355,MID,3015799126,115
1356,BOTTOM,3015144556,267
1357,BOTTOM,3013626714,267
1358,BOTTOM,3013604763,267
1359,BOTTOM,3012349462,267
1360,JUNGLE,3014119325,120
1361,JUNGLE,3013526205,59
1362,JUNGLE,3013500433,11
1363,JUNGLE,3012793185,11
1364,JUNGLE,3012780912,11
1365,JUNGLE,3009917220,203
1366,JUNGLE,3008846605,203
1367,JUNGLE,3008808831,203
1368,JUNGLE,3008787802,203
1369,JUNGLE,3008707716,203
1370,JUNGLE,3015274993,68
1371,JUNGLE,3015231215,68
1372,JUNGLE,3015195591,68
1373,JUNGLE,3015201052,104
1374,BOTTOM,3014625105,427
1375,JUNGLE,3014416857,77
1376,JUNGLE,3014400474,421
1377,BOTTOM,3014373867,222
1378,JUNGLE,3014365861,421
1379,JUNGLE,3014329515,77
1380,MID,3015828617,55
1381,BOTTOM,3015833594,55
1382,BOTTOM,3015808646,3
1383,BOTTOM,3015422673,3
1384,MID,3015385435,55
1385,MID,3013425934,142
1386,MID,3013349534,61
1387,MID,3013220510,105
1388,NONE,3013197408,142
1389,MID,3012627919,61
1390,MID,3015346771,6
1391,NONE,3015361745,6
1392,MID,3015073369,6
1393,TOP,3015069260,6
1394,TOP,3015045867,6
1395,TOP,3015972922,10
1396,NONE,3015966163,145
1397,BOTTOM,3015928756,81
1398,BOTTOM,3015912037,412
1399,MID,3015885261,518
1400,MID,3013575557,240
1401,NONE,3013564074,240
1402,TOP,3013561521,39
1403,TOP,3013537954,39
1404,TOP,3013552963,240
1405,BOTTOM,3010284462,67
1406,MID,3010214591,142
1407,NONE,3010199116,145
1408,BOTTOM,3010179508,145
1409,BOTTOM,3010150457,15
1410,NONE,3015677116,84
1411,MID,3015659422,119
1412,BOTTOM,3015489917,96
1413,JUNGLE,3015279356,96
1414,BOTTOM,3015251013,96
1415,BOTTOM,3014127618,37
1416,NONE,3014105143,37
1417,BOTTOM,3014087117,37
1418,BOTTOM,3014049643,37
1419,BOTTOM,3013960033,37
1420,BOTTOM,3015970229,81
1421,NONE,3015545480,51
1422,NONE,3015507422,51
1423,NONE,3015492363,8
1424,BOTTOM,3015457994,119
1425,MID,3015573249,69
1426,NONE,3015425525,91
1427,MID,3015372876,69
1428,MID,3015354627,84
1429,NONE,3015328589,157
1430,NONE,3011923750,39
1431,BOTTOM,3011864894,13
1432,BOTTOM,3011532097,412
1433,BOTTOM,3011344373,67
1434,BOTTOM,3011297609,81
1435,TOP,3015755757,39
1436,TOP,3015732047,107
1437,TOP,3015718153,84
1438,TOP,3015704138,39
1439,MID,3015698841,84
1440,BOTTOM,3014280922,99
1441,BOTTOM,3014273764,16
1442,MID,3013553026,117
1443,NONE,3011355768,99
1444,NONE,3011372156,164
1445,BOTTOM,3015884318,412
1446,BOTTOM,3015858296,25
1447,NONE,3015863531,267
1448,BOTTOM,3015787008,267
1449,NONE,3015766111,267
1450,BOTTOM,3015965539,145
1451,NONE,3015921537,498
1452,NONE,3015863531,81
1453,BOTTOM,3015687880,67
1454,MID,3015679871,157
1455,JUNGLE,3015166347,80
1456,JUNGLE,3015005508,30
1457,JUNGLE,3014990026,421
1458,JUNGLE,3014199711,30
1459,JUNGLE,3014206377,59
1460,MID,3011113724,142
1461,BOTTOM,3011094653,498
1462,NONE,3011024665,236
1463,BOTTOM,3011016004,81
1464,BOTTOM,3010968033,110
1465,MID,3015955286,126
1466,MID,3015937622,7
1467,MID,3015621564,39
1468,MID,3015568851,13
1469,NONE,3015571461,13
1470,TOP,3013492029,80
1471,TOP,3013420796,80
1472,NONE,3013395389,80
1473,NONE,3013392762,80
1474,TOP,3013278307,10
1475,BOTTOM,3011325655,236
1476,MID,3011317141,127
1477,BOTTOM,3011290929,18
1478,TOP,3011271904,13
1479,BOTTOM,3011242017,236
1480,MID,3014884940,126
1481,MID,3014783893,115
1482,TOP,3014623752,14
1483,MID,3014030216,236
1484,MID,3013949047,115
1485,MID,3014661375,81
1486,TOP,3014601474,99
1487,BOTTOM,3014441295,267
1488,BOTTOM,3014410199,3
1489,MID,3014383519,267
1490,MID,3015632742,236
1491,MID,3015580336,59
1492,BOTTOM,3015550865,37
1493,NONE,3015541828,119
1494,NONE,3015435932,236
1495,NONE,3015633214,107
1496,BOTTOM,3015594265,85
1497,BOTTOM,3015572113,107
1498,BOTTOM,3014049727,107
1499,NONE,3014045224,107
1500,BOTTOM,3013920336,98
1501,BOTTOM,3013827968,98
1502,BOTTOM,3013786978,89
1503,BOTTOM,3012616178,44
1504,BOTTOM,3012573496,161
1505,MID,3015144516,157
1506,MID,3015150130,238
1507,NONE,3015127618,63
1508,MID,3015105278,85
1509,MID,3015122622,157
1510,JUNGLE,3015684681,121
1511,JUNGLE,3015656178,35
1512,BOTTOM,3015529246,53
1513,TOP,3012150900,59
1514,JUNGLE,3012120692,121
1515,MID,3015856159,238
1516,NONE,3015687029,245
1517,BOTTOM,3015646628,63
1518,MID,3015632587,238
1519,MID,3015603522,55
1520,NONE,3015386430,121
1521,BOTTOM,3015380437,236
1522,JUNGLE,3015197695,121
1523,JUNGLE,3015212241,121
1524,JUNGLE,3015186464,121
1525,JUNGLE,3015986182,59
1526,JUNGLE,3015556476,60
1527,JUNGLE,3015522987,120
1528,JUNGLE,3015495068,203
1529,JUNGLE,3015329157,120
1530,TOP,3015959633,92
1531,NONE,3015939968,39
1532,TOP,3015933397,24
1533,TOP,3015042483,85
1534,TOP,3015015507,84
1535,BOTTOM,3014373412,432
1536,BOTTOM,3014357085,412
1537,BOTTOM,3013905556,432
1538,JUNGLE,3009380720,427
1539,JUNGLE,3009159594,427
1540,BOTTOM,3015887861,36
1541,NONE,3015892876,240
1542,NONE,3015690667,240
1543,NONE,3015664678,53
1544,NONE,3015618702,101
1545,BOTTOM,3015238324,518
1546,MID,3015219670,518
1547,NONE,3015194901,67
1548,BOTTOM,3015179669,518
1549,NONE,3015177712,67
1550,MID,3015097552,7
1551,TOP,3014647342,36
1552,JUNGLE,3014639889,427
1553,NONE,3013990249,7
1554,MID,3013928562,7
1555,MID,3013527709,268
1556,TOP,3013501248,126
1557,MID,3013474308,268
1558,MID,3013445960,268
1559,NONE,3013419604,39
1560,JUNGLE,3009897498,203
1561,BOTTOM,3009891402,236
1562,JUNGLE,3009873149,30
1563,BOTTOM,3009836509,81
1564,JUNGLE,3009796897,30
1565,BOTTOM,3013573771,67
1566,BOTTOM,3013561521,145
1567,BOTTOM,3013557664,145
1568,BOTTOM,3012318604,236
1569,BOTTOM,3012316554,67
1570,BOTTOM,3015843631,37
1571,BOTTOM,3015819536,37
1572,BOTTOM,3015638727,267
1573,BOTTOM,3015595240,37
1574,BOTTOM,3015505555,37
1575,JUNGLE,3015854605,145
1576,BOTTOM,3015848000,236
1577,TOP,3015697067,42
1578,MID,3015679871,145
1579,BOTTOM,3015641445,81
1580,JUNGLE,3015972535,20
1581,BOTTOM,3015386669,145
1582,BOTTOM,3014405770,145
1583,TOP,3014067724,61
1584,NONE,3014062856,96
1585,TOP,3015915691,92
1586,TOP,3015909165,126
1587,MID,3015892546,238
1588,JUNGLE,3015601872,60
1589,JUNGLE,3015549113,64
1590,MID,3010618839,517
1591,NONE,3009981735,99
1592,NONE,3009923393,84
1593,MID,3009316703,7
1594,NONE,3009312310,61
1595,NONE,3010034095,134
1596,MID,3008211107,134
1597,MID,3007189439,134
1598,MID,3007106717,134
1599,TOP,3007123970,10
1600,MID,3015782564,1
1601,MID,3014117961,1
1602,BOTTOM,3013610115,40
1603,BOTTOM,3013588912,51
1604,MID,3013578381,117
1605,NONE,3015976417,412
1606,MID,3015946593,412
1607,MID,3015938209,26
1608,BOTTOM,3015904880,267
1609,BOTTOM,3015855518,555
1610,NONE,3015982639,518
1611,NONE,3015946561,518
1612,NONE,3015362469,141
1613,NONE,3015337702,119
1614,BOTTOM,3014227953,145
1615,BOTTOM,3014587382,43
1616,BOTTOM,3013797635,25
1617,MID,3013498766,61
1618,BOTTOM,3013278307,412
1619,BOTTOM,3012636213,412
1620,TOP,3014367273,420
1621,TOP,3012313521,420
1622,JUNGLE,3011778490,61
1623,TOP,3011448548,420
1624,TOP,3011417404,420
1625,MID,3015604237,33
1626,NONE,3015554619,38
1627,NONE,3015537979,154
1628,NONE,3015442568,39
1629,TOP,3015386528,41
1630,TOP,3014192577,142
1631,BOTTOM,3013979562,18
1632,BOTTOM,3013938910,236
1633,BOTTOM,3013902827,81
1634,BOTTOM,3013864994,498
1635,BOTTOM,3015858296,67
1636,BOTTOM,3015870947,67
1637,BOTTOM,3015826609,236
1638,BOTTOM,3015820919,81
1639,BOTTOM,3015384540,67
1640,NONE,3015990905,31
1641,TOP,3015919574,150
1642,TOP,3015911245,10
1643,TOP,3015894112,10
1644,NONE,3015879694,31
1645,BOTTOM,3015026676,267
1646,BOTTOM,3015005508,67
1647,BOTTOM,3014884940,145
1648,BOTTOM,3014765123,267
1649,MID,3014564219,127
1650,BOTTOM,3014544952,89
1651,TOP,3014141950,36
1652,TOP,3013881810,150
1653,NONE,3013412747,103
1654,MID,3013308554,103
1655,JUNGLE,3015368477,120
1656,JUNGLE,3015312141,36
1657,TOP,3015276664,126
1658,JUNGLE,3015250687,120
1659,JUNGLE,3015016142,64
1660,JUNGLE,3011344373,266
1661,BOTTOM,3011297609,497
1662,BOTTOM,3011279600,12
1663,JUNGLE,3011261328,266
1664,NONE,3011233602,13
1665,MID,3015848299,11
1666,NONE,3015835818,79
1667,NONE,3015822987,102
1668,NONE,3015820471,41
1669,JUNGLE,3015494440,79
1670,TOP,3015997718,10
1671,MID,3015969035,8
1672,MID,3015793209,134
1673,MID,3015799758,38
1674,NONE,3015768606,38
1675,TOP,3015904880,85
1676,JUNGLE,3015515391,107
1677,JUNGLE,3015475338,107
1678,JUNGLE,3015454094,56
1679,JUNGLE,3015427072,79
1680,NONE,3015583437,15
1681,BOTTOM,3015554754,143
1682,NONE,3015524308,117
1683,BOTTOM,3015504812,117
1684,BOTTOM,3015475387,117
1685,TOP,3015997966,24
1686,TOP,3015956934,24
1687,NONE,3015939916,6
1688,TOP,3015909882,24
1689,TOP,3015893196,6
1690,TOP,3015994520,6
1691,BOTTOM,3015965539,12
1692,BOTTOM,3015424618,412
1693,BOTTOM,3015349623,81
1694,BOTTOM,3015362438,236
1695,TOP,3015992914,238
1696,NONE,3015939916,238
1697,MID,3015910171,238
1698,NONE,3015894586,81
1699,MID,3015859443,238
1700,BOTTOM,3015742626,33
1701,NONE,3015731264,50
1702,NONE,3015084110,14
1703,NONE,3015073577,106
1704,JUNGLE,3015080723,3
1705,BOTTOM,3015683235,145
1706,TOP,3015664580,38
1707,JUNGLE,3015635559,18
1708,BOTTOM,3015596317,18
1709,JUNGLE,3015478619,67
1710,NONE,3015547277,518
1711,NONE,3015246915,518
1712,TOP,3013715559,518
1713,NONE,3013621093,518
1714,TOP,3012452797,518
1715,MID,3015629876,4
1716,MID,3015547973,4
1717,MID,3015498045,4
1718,MID,3015489279,4
1719,BOTTOM,3015438451,16
1720,NONE,3015977088,84
1721,BOTTOM,3015956503,518
1722,NONE,3015941769,163
1723,BOTTOM,3015671275,22
1724,BOTTOM,3015622500,518
1725,MID,3015959089,55
1726,BOTTOM,3015924199,81
1727,TOP,3015288122,55
1728,MID,3015280608,84
1729,JUNGLE,3010914444,84
1730,NONE,3014361558,421
1731,JUNGLE,3014323752,59
1732,TOP,3014297046,59
1733,JUNGLE,3014249516,421
1734,JUNGLE,3011284228,421
1735,MID,3014519193,119
1736,MID,3014469455,238
1737,NONE,3014473213,119
1738,NONE,3014457679,82
1739,NONE,3014160617,122
1740,JUNGLE,3015976024,92
1741,JUNGLE,3015965913,92
1742,NONE,3015736564,127
1743,MID,3015753681,62
1744,NONE,3015730542,20
1745,NONE,3015636585,101
1746,TOP,3015587265,517
1747,BOTTOM,3015555260,145
1748,TOP,3015534204,84
1749,MID,3014228410,42
1750,JUNGLE,3015865190,27
1751,NONE,3014277020,27
1752,MID,3014261539,61
1753,MID,3014246096,4
1754,TOP,3014221968,27
1755,BOTTOM,3015994520,53
1756,NONE,3015969292,53
1757,MID,3015953639,53
1758,BOTTOM,3015937622,432
1759,BOTTOM,3015634829,53
1760,MID,3015997966,26
1761,MID,3015970229,42
1762,BOTTOM,3014105707,161
1763,MID,3014101729,26
1764,MID,3014085639,161
1765,BOTTOM,3015953639,63
1766,BOTTOM,3015917100,81
1767,NONE,3015645139,24
1768,JUNGLE,3015634744,59
1769,NONE,3015597631,236
1770,JUNGLE,3013640083,421
1771,TOP,3013616832,16
1772,JUNGLE,3013267557,76
1773,JUNGLE,3013238212,76
1774,JUNGLE,3013242689,76
1775,BOTTOM,3015667089,498
1776,TOP,3015634829,8
1777,TOP,3015585559,36
1778,NONE,3015576782,36
1779,TOP,3015501346,13
1780,MID,3015995284,61
1781,BOTTOM,3015956228,222
1782,NONE,3015939916,222
1783,BOTTOM,3015932030,81
1784,MID,3015891783,61
1785,TOP,3014280365,68
1786,JUNGLE,3014255789,60
1787,JUNGLE,3013787561,141
1788,JUNGLE,3013770957,120
1789,BOTTOM,3013744862,497
1790,BOTTOM,3013331886,99
1791,BOTTOM,3013302867,25
1792,MID,3012564912,25
1793,BOTTOM,3012547789,25
1794,MID,3011008268,268
1795,MID,3015750513,39
1796,TOP,3015715355,516
1797,TOP,3015678609,126
1798,NONE,3015673282,266
1799,NONE,3015667299,85
1800,MID,3014165451,107
1801,JUNGLE,3014184113,107
1802,TOP,3014173219,107
1803,JUNGLE,3014172129,92
1804,NONE,3013423196,107
1805,BOTTOM,3015784725,236
1806,NONE,3015763558,107
1807,JUNGLE,3015683674,59
1808,NONE,3015667299,64
1809,JUNGLE,3015640440,107
1810,BOTTOM,3015970689,25
1811,MID,3015951595,25
1812,BOTTOM,3015684681,25
1813,TOP,3015665593,15
1814,BOTTOM,3015635559,25
1815,NONE,3015986943,45
1816,NONE,3015991238,13
1817,BOTTOM,3015689284,16
1818,NONE,3015634493,101
1819,NONE,3015605052,101
1820,BOTTOM,3015911670,497
1821,BOTTOM,3015885963,497
1822,JUNGLE,3015641836,141
1823,BOTTOM,3015173550,25
1824,TOP,3014608489,85
1825,BOTTOM,3015270820,145
1826,BOTTOM,3015244791,3
1827,BOTTOM,3015218464,16
1828,BOTTOM,3015203441,145
1829,NONE,3014226082,7
1830,NONE,3015932650,43
1831,JUNGLE,3015717438,17
1832,MID,3015703214,18
1833,NONE,3015698338,55
1834,TOP,3015672749,67
1835,TOP,3015906549,83
1836,BOTTOM,3015859443,18
1837,BOTTOM,3015854605,18
1838,TOP,3011536955,31
1839,TOP,3011552585,31
1840,MID,3015930833,142
1841,MID,3015879993,142
1842,MID,3015821294,142
1843,MID,3015813639,7
1844,MID,3015767932,142
1845,TOP,3015665227,86
1846,MID,3015614858,26
1847,MID,3015527622,268
1848,MID,3015027526,163
1849,TOP,3015021027,126
1850,BOTTOM,3015303363,89
1851,JUNGLE,3015255557,18
1852,MID,3015226085,89
1853,BOTTOM,3015217650,267
1854,TOP,3014270780,89
1855,TOP,3015678609,86
1856,BOTTOM,3015671275,43
1857,TOP,3015661612,19
1858,BOTTOM,3015623309,67
1859,BOTTOM,3015583676,107
1860,NONE,3013954509,202
1861,BOTTOM,3013351339,236
1862,MID,3013205307,41
1863,BOTTOM,3012571325,236
1864,NONE,3012489909,42
1865,MID,3986945150,81
1866,NONE,3986888423,119
1867,BOTTOM,3986839778,30
1868,BOTTOM,3986810271,222
1869,BOTTOM,3986804184,145
1870,MID,3015731788,91
1871,TOP,3015717354,91
1872,NONE,3015723110,91
1873,TOP,3015684681,91
1874,NONE,3015667299,91
1875,NONE,3015571461,145
1876,NONE,3013565495,25
1877,BOTTOM,3013556793,67
1878,BOTTOM,3013532590,67
1879,BOTTOM,3013526205,81
1880,JUNGLE,3015357264,141
1881,NONE,3015361999,120
1882,NONE,3015337419,28
1883,JUNGLE,3015320730,120
1884,JUNGLE,3015281818,121
1885,MID,3013177675,1
1886,MID,3012359532,1
1887,NONE,3010814707,1
1888,MID,3010797109,1
1889,TOP,3010774555,1
1890,BOTTOM,3015940919,16
1891,NONE,3014268737,16
1892,BOTTOM,3014253365,16
1893,TOP,3014058363,10
1894,TOP,3014017852,10
1895,JUNGLE,3015757592,518
1896,BOTTOM,3015744766,518
1897,JUNGLE,3015750014,80
1898,JUNGLE,3015725459,120
1899,JUNGLE,3015699710,254
1900,BOTTOM,3015708650,236
1901,MID,3015722304,15
1902,BOTTOM,3015696880,119
1903,BOTTOM,3015649118,67
1904,NONE,3015301797,96
1905,JUNGLE,3015770200,68
1906,JUNGLE,3015756902,517
1907,MID,3015733621,238
1908,NONE,3015739860,104
1909,NONE,3015708951,24
1910,JUNGLE,3013684952,121
1911,JUNGLE,3012414818,104
1912,JUNGLE,3012389002,113
1913,TOP,3012402528,8
1914,JUNGLE,3012368989,64
1915,BOTTOM,3015997966,37
1916,BOTTOM,3015956934,16
1917,BOTTOM,3015378132,89
1918,BOTTOM,3015348318,16
1919,BOTTOM,3015328047,16
1920,NONE,3015835126,268
1921,MID,3015641445,91
1922,MID,3015632946,91
1923,NONE,3015597631,91
1924,MID,3015578416,91
1925,BOTTOM,3015782636,15
1926,TOP,3015760499,15
1927,NONE,3015741391,15
1928,BOTTOM,3015699710,37
1929,BOTTOM,3015683674,15
1930,MID,3014108785,157
1931,MID,3014105707,157
1932,MID,3014101439,157
1933,MID,3014076098,238
1934,MID,3014049643,157
1935,BOTTOM,3013595087,145
1936,NONE,3013613876,67
1937,MID,3013593137,67
1938,NONE,3012288039,67
1939,NONE,3012277792,145
1940,JUNGLE,3015037509,64
1941,JUNGLE,3015021669,60
1942,JUNGLE,3014623752,64
1943,JUNGLE,3014565528,64
1944,JUNGLE,3014453563,64
1945,MID,3015917945,1
1946,NONE,3015921537,4
1947,TOP,3015858296,8
1948,BOTTOM,3015750513,12
1949,MID,3015714044,8
1950,BOTTOM,3015570058,81
1951,TOP,3014544581,127
1952,BOTTOM,3013507245,81
1953,BOTTOM,3012585470,67
1954,BOTTOM,3012020602,222
1955,BOTTOM,3015434982,67
1956,BOTTOM,3015418559,145
1957,BOTTOM,3014571211,3
1958,BOTTOM,3014466871,236
1959,BOTTOM,3014453563,3
1960,NONE,3012034257,117
1961,BOTTOM,3012015377,117
1962,BOTTOM,3011953341,37
1963,BOTTOM,3009742442,25
1964,BOTTOM,3008701768,37
1965,JUNGLE,3015568851,6
1966,JUNGLE,3015124924,421
1967,JUNGLE,3015122622,421
1968,JUNGLE,3015110291,421
1969,NONE,3015098348,6
1970,BOTTOM,3015941315,12
1971,NONE,3015916030,42
1972,BOTTOM,3015904880,412
1973,NONE,3015900119,127
1974,MID,3015853986,16
1975,JUNGLE,3015931414,60
1976,BOTTOM,3015868938,119
1977,NONE,3015852872,60
1978,JUNGLE,3015281210,60
1979,JUNGLE,3015264187,121
1980,JUNGLE,3015638450,79
1981,BOTTOM,3015601872,21
1982,BOTTOM,3015504768,18
1983,BOTTOM,3015475387,51
1984,BOTTOM,3015457301,51
1985,BOTTOM,3015990530,143
1986,BOTTOM,3015963198,201
1987,BOTTOM,3015550982,412
1988,NONE,3015532490,497
1989,TOP,3015501346,25
1990,MID,3014400474,157
1991,MID,3014328153,157
1992,NONE,3014333968,157
1993,MID,3014307573,84
1994,MID,3014283185,42
1995,MID,3014426469,238
1996,MID,3014147747,238
1997,NONE,3014156275,238
1998,TOP,3014151637,157
1999,JUNGLE,3014101439,64
2000,BOTTOM,3015959917,37
2001,BOTTOM,3015823110,37
2002,BOTTOM,3015807419,37
2003,BOTTOM,3015794547,37
2004,NONE,3015812269,37
2005,JUNGLE,3015902321,104
2006,JUNGLE,3015550982,104
2007,NONE,3015532490,30
2008,MID,3014564526,30
2009,MID,3014543777,30
2010,JUNGLE,3014447229,59
2011,JUNGLE,3014449959,59
2012,JUNGLE,3014412703,203
2013,JUNGLE,3014385469,59
2014,JUNGLE,3014353909,59
2015,TOP,3015900049,31
2016,TOP,3015856028,86
2017,BOTTOM,3015822730,81
2018,MID,3015797821,43
2019,MID,3015804132,43
2020,BOTTOM,3012489195,119
2021,BOTTOM,3012432189,119
2022,NONE,3012407952,42
2023,BOTTOM,3012087044,51
2024,BOTTOM,3012067955,51
2025,NONE,3014998712,75
2026,MID,3013416643,42
2027,NONE,3013412544,82
2028,MID,3013137742,4
2029,MID,3013114760,4
2030,JUNGLE,3015835648,59
2031,JUNGLE,3015822358,154
2032,BOTTOM,3015376336,15
2033,BOTTOM,3015359013,18
2034,BOTTOM,3015317791,15
2035,MID,3015071734,103
2036,JUNGLE,3015068262,121
2037,NONE,3015056426,421
2038,JUNGLE,3015063354,20
2039,TOP,3015059840,36
2040,TOP,3015082607,96
2041,NONE,3015071878,13
2042,TOP,3014516554,201
2043,JUNGLE,3014464140,64
2044,BOTTOM,3014455301,67
2045,BOTTOM,3015683674,45
2046,BOTTOM,3014991035,25
2047,BOTTOM,3013206404,555
2048,TOP,3007761543,143
2049,NONE,3007726664,516
2050,BOTTOM,3015970689,161
2051,MID,3015928178,53
2052,BOTTOM,3015888268,161
2053,MID,3015868938,161
2054,BOTTOM,3015577937,53
2055,JUNGLE,3014318334,28
2056,TOP,3014303040,157
2057,JUNGLE,3014256843,48
2058,NONE,3010487148,120
2059,BOTTOM,3009436190,43
2060,NONE,3010701410,412
2061,NONE,3010689337,223
2062,BOTTOM,3010676939,223
2063,BOTTOM,3010663734,267
2064,BOTTOM,3010637948,412
2065,BOTTOM,3015502944,145
2066,TOP,3015055179,142
2067,JUNGLE,3015050137,84
2068,TOP,3015016317,8
2069,NONE,3015012501,27
2070,MID,3013684361,42
2071,TOP,3013657531,238
2072,MID,3013663221,238
2073,NONE,3013670966,7
2074,NONE,3013629367,84
2075,TOP,3015626555,222
2076,TOP,3014383818,15
2077,BOTTOM,3014346554,163
2078,NONE,3014343324,157
2079,NONE,3014318995,103
2080,BOTTOM,3015672902,145
2081,BOTTOM,3015651553,81
2082,BOTTOM,3015612734,51
2083,BOTTOM,3015604331,236
2084,BOTTOM,3015553632,25
2085,BOTTOM,3015994520,518
2086,BOTTOM,3015909882,518
2087,NONE,3015894586,518
2088,BOTTOM,3015858667,518
2089,BOTTOM,3015826901,518
2090,BOTTOM,3015757306,412
2091,BOTTOM,3015752499,412
2092,BOTTOM,3015170356,53
2093,BOTTOM,3014625658,412
2094,BOTTOM,3014594224,117
2095,NONE,3015776084,10
2096,NONE,3015717766,68
2097,NONE,3015668364,141
2098,NONE,3015584643,38
2099,BOTTOM,3014766998,104
2100,MID,3015780021,8
2101,MID,3015737596,131
2102,JUNGLE,3015340564,421
2103,TOP,3015112798,10
2104,MID,3015035102,38
2105,BOTTOM,3015882284,236
2106,TOP,3015854222,68
2107,BOTTOM,3015828030,236
2108,BOTTOM,3015843631,119
2109,BOTTOM,3015232426,222
2110,BOTTOM,3015684681,15
2111,TOP,3015644384,75
2112,TOP,3015623627,75
2113,TOP,3015544138,75
2114,BOTTOM,3015495068,15
2115,JUNGLE,3013564948,154
2116,JUNGLE,3013342932,145
2117,BOTTOM,3013295406,51
2118,BOTTOM,3013286483,119
2119,NONE,3012579083,154
2120,NONE,3016001406,7
2121,NONE,3015975211,55
2122,NONE,3015644002,131
2123,MID,3015634957,55
2124,MID,3015582395,55
2125,JUNGLE,3015572289,20
2126,JUNGLE,3015521252,20
2127,JUNGLE,3015439461,20
2128,JUNGLE,3015450693,20
2129,NONE,3015425525,20
2130,MID,3015766475,17
2131,BOTTOM,3015764961,89
2132,NONE,3015764113,72
2133,NONE,3015782602,131
2134,NONE,3015771314,26
2135,TOP,3014357427,8
2136,TOP,3013746457,84
2137,NONE,3013750403,80
2138,NONE,3013736371,39
2139,TOP,3009093460,518
2140,BOTTOM,3015994520,15
2141,BOTTOM,3015928183,18
2142,BOTTOM,3015910171,15
2143,BOTTOM,3015891783,202
2144,BOTTOM,3015848359,222
2145,TOP,3013501248,29
2146,NONE,3013497348,29
2147,BOTTOM,3013271007,29
2148,NONE,3013257644,29
2149,BOTTOM,3012468654,29
2150,BOTTOM,3015128816,429
2151,BOTTOM,3015105278,429
2152,BOTTOM,3011609528,145
2153,BOTTOM,3011200427,67
2154,MID,3011145070,81
2155,MID,3015906039,115
2156,BOTTOM,3015867984,412
2157,BOTTOM,3014294353,412
2158,BOTTOM,3014227953,412
2159,NONE,3014199386,51
2160,JUNGLE,3013575115,113
2161,JUNGLE,3012263766,203
2162,JUNGLE,3012262203,203
2163,JUNGLE,3012254724,113
2164,JUNGLE,3010556084,104
2165,TOP,3015973699,8
2166,BOTTOM,3015858667,81
2167,TOP,3015850405,518
2168,TOP,3015833594,150
2169,TOP,3015807419,518
2170,TOP,3014575927,266
2171,JUNGLE,3014543777,64
2172,TOP,3014340323,266
2173,TOP,3014332583,517
2174,TOP,3013811688,517
2175,TOP,3015068841,8
2176,BOTTOM,3015056031,67
2177,JUNGLE,3015042204,64
2178,JUNGLE,3015016112,64
2179,JUNGLE,3014997595,421
2180,MID,3015906022,81
2181,MID,3015880752,81
2182,MID,3015870890,81
2183,BOTTOM,3015564211,81
2184,BOTTOM,3015411543,81
2185,MID,3014457558,51
2186,BOTTOM,3014407613,51
2187,BOTTOM,3012669491,51
2188,BOTTOM,3012660562,45
2189,NONE,3010141223,114
2190,BOTTOM,3013647980,67
2191,BOTTOM,3013635509,498
2192,BOTTOM,3013642252,236
2193,BOTTOM,3010764555,498
2194,NONE,3010594827,89
2195,MID,3013135140,7
2196,MID,3010073115,134
2197,JUNGLE,3009078646,13
2198,NONE,3009065944,127
2199,MID,3008596102,39
2200,JUNGLE,3014463628,59
2201,JUNGLE,3014425048,59
2202,JUNGLE,3014375097,59
2203,MID,3014367578,1
2204,NONE,3014361558,59
2205,BOTTOM,3015091022,37
2206,BOTTOM,3015048988,37
2207,BOTTOM,3015056031,16
2208,BOTTOM,3014884371,1
2209,MID,3014782155,7
2210,MID,3015741726,222
2211,NONE,3015708970,517
2212,BOTTOM,3014267909,432
2213,BOTTOM,3014102370,555
2214,BOTTOM,3014091039,555
2215,NONE,3009920593,40
2216,MID,3009884220,55
2217,MID,3009854646,55
2218,NONE,3009825798,55
2219,NONE,3009809242,99
2220,TOP,3015977269,85
2221,NONE,3015982639,85
2222,NONE,3015946561,68
2223,TOP,3015655135,92
2224,TOP,3015623760,84
2225,BOTTOM,3015807419,222
2226,BOTTOM,3015804132,21
2227,NONE,3015802288,222
2228,NONE,3015800606,22
2229,NONE,3015778800,21
2230,TOP,3015656727,35
2231,NONE,3015642231,75
2232,NONE,3015616249,15
2233,NONE,3015620542,79
2234,MID,3015580120,2
2235,NONE,3015453296,3
2236,NONE,3015426565,43
2237,NONE,3015402179,267
2238,NONE,3015325811,91
2239,BOTTOM,3015252783,3
2240,TOP,3015729546,24
2241,BOTTOM,3015715112,67
2242,BOTTOM,3015698661,81
2243,BOTTOM,3015691670,81
2244,BOTTOM,3015652330,81
2245,NONE,3014646626,267
2246,BOTTOM,3014607953,267
2247,BOTTOM,3014568635,267
2248,BOTTOM,3013802448,117
2249,BOTTOM,3013786103,201
2250,TOP,3015502634,99
2251,BOTTOM,3015336620,37
2252,NONE,3014520916,222
2253,BOTTOM,3014477791,222
2254,BOTTOM,3014399096,222
2255,JUNGLE,3015578416,120
2256,JUNGLE,3015547908,121
2257,TOP,3012786192,96
2258,NONE,3012785569,13
2259,JUNGLE,3012765809,121
2260,MID,3013458777,90
2261,MID,3012624762,90
2262,MID,3012605764,25
2263,BOTTOM,3011691756,145
2264,BOTTOM,3011674585,67
2265,JUNGLE,3015050374,107
2266,NONE,3014156547,91
2267,NONE,3014132747,105
2268,JUNGLE,3014116870,121
2269,JUNGLE,3014005679,36
2270,BOTTOM,3015770752,3
2271,MID,3015747216,43
2272,MID,3015744359,201
2273,NONE,3015741391,43
2274,MID,3015665017,25
2275,NONE,3010087899,497
2276,BOTTOM,3010072091,9
2277,BOTTOM,3009309233,12
2278,NONE,3007717575,497
2279,BOTTOM,3007697423,43
2280,TOP,3015719583,83
2281,TOP,3015704657,83
2282,TOP,3015677212,83
2283,MID,3015649118,83
2284,TOP,3015629550,83
2285,TOP,3014425532,39
2286,TOP,3014397751,92
2287,MID,3012516233,92
2288,TOP,3009828617,92
2289,TOP,3009820036,92
2290,BOTTOM,3015679176,9
2291,NONE,3015683862,497
2292,TOP,3015667089,497
2293,MID,3015638450,45
2294,BOTTOM,3015568134,236
2295,NONE,3015906155,92
2296,NONE,3015882340,29
2297,NONE,3015249783,15
2298,BOTTOM,3015218983,15
2299,NONE,3015205962,69
2300,TOP,3015926665,34
2301,MID,3015253371,34
2302,BOTTOM,3015226085,34
2303,NONE,3015221050,34
2304,TOP,3015195591,34
2305,NONE,3015022553,15
2306,NONE,3014239122,203
2307,JUNGLE,3014087918,64
2308,JUNGLE,3013692447,30
2309,JUNGLE,3013677222,421
2310,NONE,3015891454,120
2311,BOTTOM,3015864384,15
2312,BOTTOM,3015749923,145
2313,NONE,3015423956,6
2314,NONE,3015399112,6
2315,JUNGLE,3015223949,120
2316,JUNGLE,3015216476,203
2317,BOTTOM,3015201175,22
2318,JUNGLE,3015175087,120
2319,JUNGLE,3013622936,59
2320,TOP,3014324320,85
2321,TOP,3014197358,85
2322,NONE,3014214962,85
2323,MID,3014192577,63
2324,MID,3014200284,78
2325,MID,3015671516,238
2326,JUNGLE,3015644660,120
2327,JUNGLE,3015591428,203
2328,BOTTOM,3015549076,267
2329,TOP,3015478800,240
2330,JUNGLE,3013754679,421
2331,JUNGLE,3013219153,30
2332,JUNGLE,3012215175,30
2333,JUNGLE,3011021418,120
2334,JUNGLE,3010999911,120
2335,NONE,3015771875,3
2336,NONE,3015770773,42
2337,NONE,3015759979,161
2338,TOP,3015747769,67
2339,MID,3015755422,61
2340,NONE,3014375445,107
2341,TOP,3014357085,107
2342,TOP,3014266365,107
2343,TOP,3014240679,107
2344,NONE,3013564870,4
2345,MID,3015913221,161
2346,MID,3015885963,161
2347,MID,3015858296,161
2348,MID,3015870479,161
2349,MID,3015825346,161
2350,NONE,3014383307,60
2351,JUNGLE,3014354689,141
2352,JUNGLE,3014328153,421
2353,NONE,3014333968,104
2354,JUNGLE,3008768402,421
2355,TOP,3008707856,17
2356,TOP,3008700468,85
2357,TOP,3008674385,17
2358,TOP,3008657249,17
2359,MID,3008637474,17
2360,NONE,3015998460,145
2361,MID,3015980969,35
2362,MID,3015945734,22
2363,BOTTOM,3015543703,145
2364,BOTTOM,3015501324,145
2365,MID,3014526274,10
2366,MID,3014396570,42
2367,MID,3014085019,13
2368,MID,3014045575,13
2369,MID,3014015610,13
2370,MID,3015970268,67
2371,TOP,3015960891,92
2372,TOP,3015913338,114
2373,BOTTOM,3015886545,55
2374,JUNGLE,3015869694,107
2375,TOP,3015993407,39
2376,TOP,3015858667,55
2377,MID,3015853484,58
2378,BOTTOM,3015606886,15
2379,BOTTOM,3015575225,55
2380,BOTTOM,3014076098,202
2381,NONE,3014091527,202
2382,BOTTOM,3014042543,202
2383,NONE,3014025988,202
2384,TOP,3013960483,83
2385,JUNGLE,3015932030,59
2386,JUNGLE,3015884318,59
2387,JUNGLE,3015867310,59
2388,JUNGLE,3015870947,421
2389,JUNGLE,3015826901,120
2390,BOTTOM,3015879993,43
2391,NONE,3015856065,7
2392,BOTTOM,3015850405,16
2393,NONE,3015842490,412
2394,BOTTOM,3015807419,81
2395,TOP,3015956934,86
2396,TOP,3015442294,86
2397,TOP,3015422673,86
2398,TOP,3015385256,86
2399,TOP,3015362644,86
2400,NONE,3015296174,92
2401,NONE,3015291928,38
2402,TOP,3015056306,142
2403,NONE,3015063583,254
2404,NONE,3010914636,6
2405,BOTTOM,3015782780,25
2406,BOTTOM,3015737160,37
2407,BOTTOM,3015731788,16
2408,BOTTOM,3015717354,37
2409,NONE,3015723110,25
2410,MID,3015680110,78
2411,NONE,3015047922,126
2412,TOP,3015063956,8
2413,MID,3015038034,8
2414,TOP,3015010737,142
2415,BOTTOM,3014908620,25
2416,NONE,3014609706,67
2417,MID,3014559553,25
2418,BOTTOM,3014528015,145
2419,BOTTOM,3014466871,89
2420,JUNGLE,3015606886,120
2421,JUNGLE,3015572289,76
2422,JUNGLE,3015531288,154
2423,JUNGLE,3015510169,120
2424,TOP,3014998088,76
2425,TOP,3015889734,75
2426,TOP,3015879993,75
2427,BOTTOM,3015864790,75
2428,TOP,3015848000,24
2429,NONE,3015825722,75
2430,BOTTOM,3015429493,89
2431,BOTTOM,3015411060,89
2432,NONE,3015385732,89
2433,BOTTOM,3015357932,89
2434,BOTTOM,3014571187,89
2435,TOP,3015148489,164
2436,BOTTOM,3015143598,53
2437,JUNGLE,3015119324,24
2438,TOP,3015124924,164
2439,TOP,3015122622,114
2440,MID,3015717413,267
2441,BOTTOM,3014998966,201
2442,BOTTOM,3013730095,12
2443,NONE,3013687272,20
2444,BOTTOM,3013529690,201
2445,BOTTOM,3015911245,67
2446,NONE,3015908552,236
2447,BOTTOM,3015878912,236
2448,MID,3015862733,236
2449,BOTTOM,3015837295,18
2450,MID,3015641000,55
2451,NONE,3015614014,102
2452,MID,3015603411,238
2453,BOTTOM,3015553192,145
2454,JUNGLE,3015336910,107
2455,JUNGLE,3015665017,121
2456,JUNGLE,3015456735,64
2457,JUNGLE,3015426211,64
2458,JUNGLE,3015410044,77
2459,NONE,3015319805,498
2460,MID,3015707667,90
2461,NONE,3015714185,55
2462,MID,3015700152,134
2463,NONE,3015695618,34
2464,NONE,3015690936,518
2465,NONE,3015856065,85
2466,NONE,3015861594,8
2467,JUNGLE,3015846686,497
2468,TOP,3015833179,8
2469,MID,3015525895,13
2470,BOTTOM,3015813639,145
2471,BOTTOM,3015811179,201
2472,BOTTOM,3015789204,25
2473,BOTTOM,3015767932,40
2474,BOTTOM,3015750014,412
2475,NONE,3015525429,67
2476,BOTTOM,3015495165,145
2477,BOTTOM,3014515921,145
2478,NONE,3014160617,119
2479,BOTTOM,3014137998,67
2480,NONE,3015939916,432
2481,BOTTOM,3015932030,432
2482,BOTTOM,3014392273,432
2483,BOTTOM,3014346217,432
2484,BOTTOM,3014360827,432
2485,BOTTOM,3012479645,518
2486,BOTTOM,3012480935,518
2487,BOTTOM,3011995919,518
2488,BOTTOM,3011941846,518
2489,MID,3011859693,518
2490,MID,3015480157,53
2491,BOTTOM,3015440991,555
2492,BOTTOM,3015403594,412
2493,BOTTOM,3015357264,117
2494,NONE,3015361999,40
2495,MID,3015889734,157
2496,TOP,3015882284,142
2497,NONE,3013259218,240
2498,MID,3012699683,13
2499,NONE,3012694725,163
2500,TOP,3015705748,17
2501,TOP,3015678270,17
2502,TOP,3015669762,17
2503,NONE,3015653794,17
2504,BOTTOM,3015634744,223
2505,JUNGLE,3013489012,141
2506,JUNGLE,3013338070,64
2507,JUNGLE,3013299722,11
2508,JUNGLE,3013301392,141
2509,JUNGLE,3012273383,5
2510,BOTTOM,3015255677,142
2511,BOTTOM,3015069886,37
2512,BOTTOM,3015047608,201
2513,BOTTOM,3015064550,267
2514,NONE,3015052598,37
2515,MID,3011787173,238
2516,NONE,3010826346,517
2517,NONE,3010832053,517
2518,MID,3010784710,163
2519,TOP,3010519330,126
2520,NONE,3010756042,25
2521,BOTTOM,3010761765,25
2522,BOTTOM,3010747935,25
2523,BOTTOM,3010735316,267
2524,BOTTOM,3010723387,25
2525,NONE,3015766190,120
2526,MID,3015062398,75
2527,NONE,3015060294,43
2528,NONE,3015037322,110
2529,NONE,3015024213,27
2530,TOP,3012435254,17
2531,TOP,3012410809,17
2532,TOP,3012404929,17
2533,NONE,3012401848,17
2534,TOP,3012357962,17
2535,NONE,3015942174,245
2536,MID,3015924199,245
2537,TOP,3015808320,245
2538,JUNGLE,3015482404,121
2539,MID,3015163781,245
2540,MID,3014998293,103
2541,MID,3014991035,84
2542,MID,3014594015,112
2543,MID,3014571187,7
2544,BOTTOM,3014497124,25
2545,BOTTOM,3015043997,81
2546,JUNGLE,3014781788,92
2547,TOP,3014588334,92
2548,TOP,3014495175,92
2549,MID,3014485371,92
2550,MID,3015992914,55
2551,BOTTOM,3015955286,145
2552,BOTTOM,3015917919,67
2553,BOTTOM,3015921396,67
2554,BOTTOM,3015885940,67
2555,JUNGLE,3015530703,254
2556,MID,3015096275,29
2557,BOTTOM,3015084925,555
2558,JUNGLE,3013612368,39
2559,JUNGLE,3013591749,59
2560,NONE,3015766111,59
2561,JUNGLE,3015783824,421
2562,JUNGLE,3015762655,59
2563,JUNGLE,3015760499,421
2564,JUNGLE,3015757306,421
2565,JUNGLE,3015596317,113
2566,JUNGLE,3015378051,421
2567,JUNGLE,3013795576,59
2568,JUNGLE,3012598518,113
2569,NONE,3012591713,72
2570,TOP,3015105278,17
2571,TOP,3015100405,17
2572,MID,3015072301,143
2573,NONE,3014218992,68
2574,NONE,3014206865,51
2575,BOTTOM,3009867463,498
2576,MID,3009828617,42
2577,MID,3009820036,81
2578,NONE,3009791149,498
2579,MID,3009781190,101
2580,MID,3014333165,42
2581,BOTTOM,3014294329,22
2582,BOTTOM,3014267909,67
2583,BOTTOM,3014263256,81
2584,JUNGLE,3013677512,254
2585,NONE,3007908060,119
2586,BOTTOM,3007894183,119
2587,BOTTOM,3007910653,119
2588,BOTTOM,3007779741,30
2589,MID,3007739420,119
2590,NONE,3015976417,238
2591,NONE,3015990905,142
2592,JUNGLE,3015964218,20
2593,MID,3015680110,69
2594,MID,3015642083,69
2595,MID,3015885963,76
2596,TOP,3015868938,76
2597,TOP,3015870947,76
2598,TOP,3015846896,76
2599,JUNGLE,3015823110,76
2600,MID,3014100155,555
2601,NONE,3014094402,84
2602,TOP,3013525211,8
2603,NONE,3013510569,555
2604,MID,3013471513,555
2605,MID,3015794547,91
2606,JUNGLE,3015512971,121
2607,TOP,3015430838,14
2608,MID,3015276191,91
2609,MID,3015247006,91
2610,JUNGLE,3015979512,141
2611,NONE,3015969292,24
2612,JUNGLE,3015953639,24
2613,JUNGLE,3015917100,64
2614,JUNGLE,3015886743,24
2615,TOP,3015901955,84
2616,MID,3015873527,84
2617,BOTTOM,3015629550,555
2618,BOTTOM,3015182723,267
2619,BOTTOM,3014901167,145
2620,BOTTOM,3013577776,236
2621,MID,3013566130,39
2622,BOTTOM,3013573771,51
2623,NONE,3013572071,51
2624,BOTTOM,3013548588,81
2625,MID,3010932875,142
2626,MID,3010656738,84
2627,MID,3010630232,10
2628,MID,3010458719,142
2629,NONE,3010470890,4
2630,BOTTOM,3015879993,412
2631,BOTTOM,3015864790,412
2632,BOTTOM,3013323112,412
2633,NONE,3013340141,497
2634,BOTTOM,3013283896,201
2635,MID,3015241676,13
2636,NONE,3015205850,91
2637,TOP,3014991035,39
2638,MID,3014323752,8
2639,MID,3014307922,518
2640,NONE,3015155085,145
2641,BOTTOM,3015104016,145
2642,BOTTOM,3014453724,236
2643,BOTTOM,3014354920,222
2644,BOTTOM,3014274628,15
2645,JUNGLE,3015893196,121
2646,BOTTOM,3015867310,15
2647,TOP,3015797821,31
2648,JUNGLE,3015804132,77
2649,NONE,3015802288,77
2650,NONE,3014643658,69
2651,TOP,3014605465,420
2652,TOP,3014567720,96
2653,JUNGLE,3014529683,54
2654,MID,3014522085,59
2655,BOTTOM,3014502739,18
2656,BOTTOM,3013796406,96
2657,NONE,3012517127,18
2658,BOTTOM,3012245847,37
2659,MID,3012231266,142
2660,NONE,3011849761,2
2661,NONE,3011783458,2
2662,JUNGLE,3011705262,2
2663,JUNGLE,3011674400,2
2664,JUNGLE,3011598150,2
2665,JUNGLE,3012717861,59
2666,JUNGLE,3012731252,59
2667,TOP,3012703232,54
2668,NONE,3012678278,64
2669,JUNGLE,3012650331,59
2670,BOTTOM,3015198153,67
2671,BOTTOM,3015212241,69
2672,NONE,3015153563,110
2673,TOP,3013595557,85
2674,BOTTOM,3013613426,110
2675,BOTTOM,3015665017,412
2676,BOTTOM,3014899042,412
2677,BOTTOM,3014900945,412
2678,MID,3013538983,517
2679,BOTTOM,3013544422,429
2680,JUNGLE,3015030215,421
2681,NONE,3015004964,120
2682,JUNGLE,3010588841,203
2683,NONE,3010582449,203
2684,JUNGLE,3010519330,203
2685,NONE,3013597528,20
2686,TOP,3013613426,412
2687,JUNGLE,3013602510,5
2688,NONE,3013611479,32
2689,JUNGLE,3013588111,120
2690,BOTTOM,3013954850,143
2691,BOTTOM,3013943572,267
2692,BOTTOM,3013893806,267
2693,BOTTOM,3013864994,25
2694,NONE,3013848533,267
2695,TOP,3015972163,114
2696,TOP,3015963198,84
2697,TOP,3015885963,84
2698,MID,3015839412,69
2699,BOTTOM,3015824674,122
2700,NONE,3015801173,43
2701,TOP,3015196573,112
2702,NONE,3015211920,16
2703,BOTTOM,3015165194,16
2704,BOTTOM,3014501847,43
2705,BOTTOM,3015587210,163
2706,TOP,3015094396,92
2707,TOP,3014997868,92
2708,JUNGLE,3014991035,40
2709,TOP,3014883432,92
2710,JUNGLE,3015992914,59
2711,TOP,3015951595,6
2712,TOP,3015932030,6
2713,JUNGLE,3015893196,20
2714,JUNGLE,3015867984,64
2715,MID,3015940938,40
2716,NONE,3015931831,51
2717,NONE,3015908632,13
2718,NONE,3015894796,81
2719,NONE,3015880858,76
2720,NONE,3015242260,412
2721,NONE,3014661157,38
2722,NONE,3014584960,29
2723,BOTTOM,3014274628,99
2724,MID,3014269959,161
2725,JUNGLE,3015819972,64
2726,BOTTOM,3015807153,12
2727,JUNGLE,3015539300,59
2728,NONE,3015435932,12
2729,BOTTOM,3015386669,12
2730,BOTTOM,3014796828,67
2731,TOP,3014626549,24
2732,TOP,3014594224,24
2733,JUNGLE,3014242757,120
2734,TOP,3014067063,31
2735,TOP,3013697307,54
2736,TOP,3013485928,24
2737,NONE,3013489816,6
2738,BOTTOM,3012469631,40
2739,NONE,3006114824,429
2740,NONE,3014317378,119
2741,NONE,3014330960,119
2742,BOTTOM,3014290240,498
2743,TOP,3014227953,67
2744,BOTTOM,3013788361,15
2745,NONE,3014264630,114
2746,NONE,3014260895,14
2747,NONE,3014248109,39
2748,NONE,3014150816,78
2749,NONE,3014108413,40
2750,BOTTOM,3015454952,98
2751,NONE,3015433243,98
2752,BOTTOM,3015406414,98
2753,BOTTOM,3015375956,98
2754,BOTTOM,3015349432,98
2755,NONE,3015739610,67
2756,BOTTOM,3015756048,202
2757,BOTTOM,3015742948,145
2758,BOTTOM,3015708650,67
2759,TOP,3015550982,240
2760,TOP,3015809384,122
2761,TOP,3015816583,58
2762,TOP,3015803382,58
2763,JUNGLE,3015800759,58
2764,TOP,3015789204,58
2765,NONE,3015521138,131
2766,NONE,3015505580,74
2767,NONE,3015509840,412
2768,MID,3015462825,51
2769,NONE,3015423619,518
2770,NONE,3015969292,245
2771,MID,3015919574,8
2772,MID,3015700167,127
2773,MID,3015683235,245
2774,MID,3015511779,245
2775,NONE,3015689690,16
2776,NONE,3015694650,44
2777,MID,3015667331,99
2778,NONE,3014430366,267
2779,BOTTOM,3014413074,96
2780,JUNGLE,3014993859,20
2781,JUNGLE,3013617567,20
2782,JUNGLE,3013606031,20
2783,JUNGLE,3013594406,20
2784,JUNGLE,3013252292,20
2785,MID,3015762820,142
2786,MID,3015760499,517
2787,NONE,3015748622,134
2788,TOP,3015744893,10
2789,TOP,3014148511,10
2790,NONE,3015766111,85
2791,TOP,3015784138,85
2792,MID,3015782636,85
2793,TOP,3015760499,85
2794,MID,3015756048,85
2795,JUNGLE,3016011101,120
2796,JUNGLE,3015974488,421
2797,JUNGLE,3015965539,120
2798,JUNGLE,3015917945,121
2799,TOP,3015909882,2
2800,BOTTOM,3015688229,127
2801,TOP,3015658949,24
2802,MID,3015652287,238
2803,JUNGLE,3015625619,42
2804,MID,3015588298,134
2805,TOP,3016019932,92
2806,TOP,3015982920,24
2807,TOP,3015956228,24
2808,TOP,3015584998,92
2809,TOP,3015438451,164
2810,JUNGLE,3015960563,107
2811,JUNGLE,3015911670,107
2812,JUNGLE,3015882284,141
2813,JUNGLE,3015666874,141
2814,JUNGLE,3015632707,107
2815,MID,3015953639,99
2816,MID,3015775011,99
2817,MID,3015782636,99
2818,MID,3015761531,99
2819,NONE,3015760125,99
2820,MID,3016011101,45
2821,MID,3015330233,45
2822,MID,3014348773,45
2823,BOTTOM,3014229326,45
2824,NONE,3013818967,74
2825,MID,3015986182,38
2826,MID,3015956503,105
2827,NONE,3015952511,114
2828,BOTTOM,3015935326,81
2829,BOTTOM,3015718847,267
2830,TOP,3015573614,31
2831,TOP,3015536778,91
2832,TOP,3015519632,145
2833,NONE,3015294398,127
2834,NONE,3015300026,112
2835,NONE,3015682647,107
2836,TOP,3015664459,107
2837,TOP,3014996931,266
2838,NONE,3014291776,84
2839,TOP,3014267760,266
2840,TOP,3015773121,39
2841,TOP,3015780859,39
2842,TOP,3015747216,126
2843,MID,3015754252,238
2844,JUNGLE,3015729546,59
2845,MID,3014022705,26
2846,TOP,3013992574,157
2847,NONE,3013956110,163
2848,NONE,3013948186,96
2849,BOTTOM,3012539150,145
2850,JUNGLE,3015598236,80
2851,JUNGLE,3015545652,80
2852,MID,3015515730,80
2853,NONE,3015452511,80
2854,MID,3015406414,80
2855,MID,3015095168,69
2856,MID,3015074366,69
2857,NONE,3015082795,69
2858,MID,3014254561,69
2859,JUNGLE,3014239449,72
2860,BOTTOM,3015963198,81
2861,MID,3015917100,51
2862,BOTTOM,3015909882,236
2863,BOTTOM,3015864790,236
2864,BOTTOM,3015828617,236
2865,NONE,3015800606,35
2866,NONE,3015778800,55
2867,JUNGLE,3015777226,131
2868,NONE,3015359076,112
2869,JUNGLE,3015343789,99
2870,NONE,3013375953,50
2871,MID,3013194604,268
2872,TOP,3013170734,48
2873,MID,3012602228,268
2874,MID,3012574078,61
2875,MID,3015748919,150
2876,MID,3015749923,150
2877,JUNGLE,3015724854,266
2878,TOP,3015651049,150
2879,NONE,3015550191,23
2880,NONE,3014884621,74
2881,BOTTOM,3009500104,74
2882,MID,3009441986,74
2883,NONE,3009365198,74
2884,TOP,3008847725,74
2885,NONE,3015386958,98
2886,BOTTOM,3015349623,98
2887,BOTTOM,3015351367,555
2888,NONE,3015336735,555
2889,BOTTOM,3015297302,555
2890,TOP,3014449959,23
2891,TOP,3013881535,23
2892,TOP,3013528481,23
2893,NONE,3012344691,23
2894,MID,3011544443,23
2895,TOP,3015788623,120
2896,NONE,3015768192,120
2897,BOTTOM,3015765925,15
2898,TOP,3015756048,39
2899,MID,3015742948,2
2900,MID,3013217767,245
2901,MID,3011545794,245
2902,MID,3011542306,245
2903,NONE,3010757410,121
2904,MID,3009137251,245
2905,BOTTOM,3015999992,25
2906,BOTTOM,3015982920,53
2907,BOTTOM,3015956228,412
2908,BOTTOM,3015939297,412
2909,BOTTOM,3015911670,222
2910,TOP,3014892038,54
2911,BOTTOM,3014535145,222
2912,JUNGLE,3014496023,42
2913,NONE,3014375445,42
2914,NONE,3014361558,222
2915,JUNGLE,3012627919,421
2916,NONE,3012621249,9
2917,JUNGLE,3012611735,64
2918,JUNGLE,3012562524,59
2919,JUNGLE,3012554219,421
2920,TOP,3015957427,80
2921,NONE,3015939916,80
2922,TOP,3014365861,80
2923,TOP,3014327277,80
2924,TOP,3014332716,80
2925,BOTTOM,3014017588,110
2926,NONE,3014019789,15
2927,BOTTOM,3013978879,222
2928,BOTTOM,3013715283,498
2929,BOTTOM,3012230754,25
2930,BOTTOM,3015593321,25
2931,TOP,3015425752,55
2932,NONE,3015421598,61
2933,TOP,3015372952,202
2934,BOTTOM,3015357212,37
2935,BOTTOM,3015902321,498
2936,BOTTOM,3015741726,38
2937,NONE,3015708970,51
2938,NONE,3015705353,42
2939,NONE,3015721798,222
2940,MID,3015768279,84
2941,BOTTOM,3015776342,145
2942,BOTTOM,3015784688,145
2943,MID,3015757313,84
2944,NONE,3015754308,84
2945,JUNGLE,3015826609,121
2946,JUNGLE,3015821294,121
2947,NONE,3015799460,24
2948,BOTTOM,3015805425,15
2949,JUNGLE,3015150130,121
2950,TOP,3015971690,126
2951,TOP,3015944603,10
2952,NONE,3015938913,92
2953,MID,3015932993,142
2954,BOTTOM,3015897145,432
2955,NONE,3015739610,41
2956,JUNGLE,3015756048,114
2957,TOP,3015742948,240
2958,TOP,3015708650,157
2959,TOP,3015679176,240
2960,NONE,3015831885,8
2961,NONE,3014356632,15
2962,JUNGLE,3013617470,421
2963,BOTTOM,3013590915,412
2964,TOP,3013579139,39
2965,JUNGLE,3015663930,120
2966,JUNGLE,3015614902,64
2967,NONE,3015573495,96
2968,NONE,3014901466,104
2969,TOP,3014792964,120
2970,TOP,3015046755,27
2971,NONE,3015044587,11
2972,NONE,3015061356,240
2973,TOP,3015003354,25
2974,NONE,3014272668,39
2975,JUNGLE,3015518446,141
2976,JUNGLE,3015478619,141
2977,NONE,3015445666,141
2978,MID,3015426638,38
2979,NONE,3015402179,59
2980,BOTTOM,3015955286,40
2981,NONE,3013762911,10
2982,BOTTOM,3013737508,40
2983,BOTTOM,3013721790,40
2984,NONE,3013357676,25
2985,BOTTOM,3015531030,12
2986,BOTTOM,3015502944,267
2987,NONE,3014661842,89
2988,BOTTOM,3014569557,89
2989,BOTTOM,3014536362,12
2990,MID,3016001677,69
2991,MID,3015974488,69
2992,MID,3015945968,69
2993,NONE,3015951342,10
2994,NONE,3015936875,145
2995,MID,3013146236,68
2996,MID,3013162665,68
2997,MID,3013139623,68
2998,BOTTOM,3012084219,101
2999,MID,3012072026,134
3000,MID,3015979405,142
3001,MID,3015972163,8
3002,BOTTOM,3015963198,498
3003,TOP,3015773822,102
3004,NONE,3015763366,34
3005,MID,3015522921,58
3006,NONE,3015504066,115
3007,BOTTOM,3015362644,236
3008,JUNGLE,3015288122,79
3009,NONE,3015044756,28
3010,TOP,3012384296,85
3011,MID,3010155759,13
3012,NONE,3010149523,41
3013,TOP,3010140898,13
3014,TOP,3009793376,120
3015,MID,3016011101,26
3016,BOTTOM,3015889734,26
3017,BOTTOM,3015854222,26
3018,BOTTOM,3015203441,26
3019,MID,3013241097,26
3020,TOP,3009958965,10
3021,TOP,3009946542,10
3022,TOP,3009954061,10
3023,TOP,3009925571,10
3024,TOP,3009888034,10
3025,BOTTOM,3015729425,40
3026,TOP,3015703380,92
3027,TOP,3015678580,126
3028,TOP,3015680110,517
3029,BOTTOM,3015642083,44
3030,TOP,3015586879,27
3031,TOP,3015556476,54
3032,JUNGLE,3015423310,27
3033,BOTTOM,3015393296,27
3034,TOP,3015346771,27
3035,MID,3015906549,163
3036,MID,3014889764,69
3037,MID,3011268990,163
3038,MID,3011261328,163
3039,MID,3011212265,142
3040,TOP,3012481234,39
3041,MID,3011928973,84
3042,NONE,3011727546,429
3043,MID,3011600734,84
3044,NONE,3009293044,61
3045,JUNGLE,3014103978,120
3046,JUNGLE,3014088584,60
3047,BOTTOM,3014041870,110
3048,BOTTOM,3014022737,145
3049,MID,3013978138,51
3050,BOTTOM,3015564209,44
3051,BOTTOM,3015518446,555
3052,BOTTOM,3015478619,555
3053,BOTTOM,3015460532,497
3054,NONE,3015444265,555
3055,MID,3015639227,157
3056,NONE,3015623594,157
3057,JUNGLE,3015592423,64
3058,JUNGLE,3015430110,2
3059,JUNGLE,3015380863,120
3060,BOTTOM,3015894112,145
3061,BOTTOM,3015867584,67
3062,BOTTOM,3015870479,222
3063,BOTTOM,3014998088,145
3064,BOTTOM,3014979870,18
3065,JUNGLE,3015994520,92
3066,JUNGLE,3015955286,64
3067,JUNGLE,3015937622,107
3068,NONE,3015720745,203
3069,NONE,3015696208,203
3070,MID,3015522494,103
3071,NONE,3015515442,25
3072,TOP,3015467584,163
3073,NONE,3015045901,412
3074,NONE,3015053734,103
3075,TOP,3013765955,84
3076,TOP,3013719281,84
3077,TOP,3013714068,39
3078,TOP,3012504460,126
3079,TOP,3009619837,84
3080,MID,3015976294,39
3081,TOP,3015722304,114
3082,JUNGLE,3015677212,6
3083,TOP,3015610929,120
3084,TOP,3015568851,114
3085,NONE,3015745380,142
3086,TOP,3015502634,121
3087,BOTTOM,3015483511,555
3088,NONE,3015448484,119
3089,NONE,3015372931,555
3090,NONE,3012673594,412
3091,JUNGLE,3012598178,497
3092,NONE,3012591713,3
3093,NONE,3012570145,26
3094,BOTTOM,3012550049,497
3095,MID,3015782636,238
3096,MID,3015780993,55
3097,NONE,3015739610,55
3098,MID,3015756048,7
3099,MID,3015742948,105
3100,NONE,3015396623,432
3101,TOP,3015354166,18
3102,MID,3015333732,145
3103,BOTTOM,3014668271,236
3104,BOTTOM,3014604056,21
3105,JUNGLE,3013467169,203
3106,JUNGLE,3013418146,203
3107,JUNGLE,3013409003,203
3108,NONE,3013392514,121
3109,TOP,3010100337,203
3110,JUNGLE,3015970689,30
3111,JUNGLE,3015961413,59
3112,JUNGLE,3015913221,203
3113,JUNGLE,3015641000,30
3114,JUNGLE,3015544667,203
3115,BOTTOM,3016019932,12
3116,BOTTOM,3015959917,25
3117,BOTTOM,3015652633,43
3118,BOTTOM,3015622500,555
3119,BOTTOM,3015450693,25
3120,BOTTOM,3015980821,21
3121,BOTTOM,3015964218,21
3122,BOTTOM,3015894112,21
3123,NONE,3015879694,81
3124,NONE,3015856065,21
3125,JUNGLE,3015782780,64
3126,JUNGLE,3015288997,60
3127,BOTTOM,3015292526,67
3128,JUNGLE,3015213721,421
3129,JUNGLE,3015077845,60
3130,BOTTOM,3014108453,81
3131,BOTTOM,3014103978,145
3132,BOTTOM,3014088584,67
3133,NONE,3014077698,67
3134,BOTTOM,3014089816,145
3135,MID,3015487162,222
3136,MID,3015446640,39
3137,MID,3015429879,222
3138,NONE,3015339079,104
3139,BOTTOM,3015320730,55
3140,NONE,3014339366,429
3141,BOTTOM,3012688643,37
3142,BOTTOM,3012526028,117
3143,BOTTOM,3012498450,12
3144,JUNGLE,3012483715,67
3145,TOP,3015987615,31
3146,TOP,3015638450,24
3147,TOP,3015598236,24
3148,TOP,3015580105,24
3149,JUNGLE,3015505414,120
3150,BOTTOM,3015959917,51
3151,BOTTOM,3015923134,51
3152,BOTTOM,3015906039,18
3153,BOTTOM,3015547908,15
3154,BOTTOM,3015291636,51
3155,JUNGLE,3015511771,64
3156,JUNGLE,3015483511,59
3157,JUNGLE,3015442294,421
3158,NONE,3015426565,421
3159,NONE,3015402179,517
3160,JUNGLE,3014327885,24
3161,JUNGLE,3014320082,64
3162,JUNGLE,3014303265,30
3163,NONE,3014269565,121
3164,JUNGLE,3013960483,517
3165,JUNGLE,3013219573,106
3166,JUNGLE,3013213778,106
3167,JUNGLE,3013178930,106
3168,JUNGLE,3013192925,106
3169,JUNGLE,3013158055,106
3170,MID,3015259007,103
3171,MID,3015270820,84
3172,BOTTOM,3015223949,222
3173,MID,3015206636,7
3174,TOP,3015210506,84
3175,JUNGLE,3016019932,154
3176,JUNGLE,3015972163,154
3177,JUNGLE,3015440991,154
3178,MID,3015264187,45
3179,JUNGLE,3014795609,154
3180,JUNGLE,3015634109,76
3181,NONE,3015598267,76
3182,MID,3015600690,42
3183,BOTTOM,3015537611,25
3184,BOTTOM,3015388498,67
3185,NONE,3015456225,145
3186,TOP,3015427901,8
3187,NONE,3015402637,13
3188,TOP,3015385256,266
3189,NONE,3015372931,245
3190,BOTTOM,3015992914,81
3191,TOP,3015535594,103
3192,NONE,3015520856,22
3193,MID,3015287202,13
3194,NONE,3015301408,67
3195,TOP,3015647063,10
3196,NONE,3015640272,518
3197,JUNGLE,3015622339,29
3198,TOP,3015600600,67
3199,NONE,3015299344,67
3200,MID,3015747216,101
3201,BOTTOM,3015731788,67
3202,BOTTOM,3015726363,67
3203,BOTTOM,3015720631,67
3204,BOTTOM,3015664580,67
3205,JUNGLE,3013357182,30
3206,JUNGLE,3011245608,30
3207,NONE,3011208256,30
3208,JUNGLE,3007040502,5
3209,JUNGLE,3007008505,141
3210,NONE,3015976417,120
3211,JUNGLE,3015947113,59
3212,TOP,3015694425,107
3213,JUNGLE,3015646628,421
3214,JUNGLE,3015638727,421
3215,MID,3015634744,134
3216,MID,3015585559,7
3217,MID,3015572289,238
3218,TOP,3015518446,126
3219,TOP,3014764467,39
3220,JUNGLE,3014596534,20
3221,NONE,3014291776,203
3222,JUNGLE,3014267760,203
3223,MID,3014253365,67
3224,JUNGLE,3014124670,427
3225,JUNGLE,3015833594,30
3226,TOP,3015351367,518
3227,NONE,3015336735,518
3228,MID,3015287644,518
3229,TOP,3015290323,134
3230,BOTTOM,3015997718,15
3231,JUNGLE,3015959089,102
3232,BOTTOM,3015941315,16
3233,MID,3015923134,16
3234,BOTTOM,3015906039,16
3235,NONE,3014158471,25
3236,NONE,3014137499,25
3237,TOP,3014135130,54
3238,NONE,3014143465,11
3239,NONE,3012678896,11
3240,MID,3015219227,122
3241,NONE,3014281264,122
3242,TOP,3014276474,122
3243,TOP,3014262160,68
3244,MID,3013945217,223
3245,MID,3015780557,112
3246,JUNGLE,3015758831,80
3247,TOP,3015736118,69
3248,BOTTOM,3015508712,22
3249,BOTTOM,3015491366,21
3250,NONE,3015475562,119
3251,NONE,3015470276,1
3252,NONE,3015435507,154
3253,TOP,3015419444,1
3254,JUNGLE,3015124591,203
3255,MID,3015015507,518
3256,TOP,3014996675,518
3257,BOTTOM,3014990026,518
3258,BOTTOM,3014769302,429
3259,JUNGLE,3014644417,20
3260,MID,3016011101,74
3261,NONE,3015863531,74
3262,MID,3015846686,74
3263,TOP,3015833179,74
3264,MID,3015752499,74
3265,MID,3015056031,41
3266,TOP,3015041849,41
3267,TOP,3015037032,41
3268,NONE,3015024016,13
3269,TOP,3014997595,13
3270,TOP,3015987054,74
3271,MID,3015901250,74
3272,MID,3015876122,74
3273,MID,3015852286,74
3274,MID,3015826289,74
3275,JUNGLE,3015756543,64
3276,JUNGLE,3015719283,114
3277,TOP,3015704075,39
3278,BOTTOM,3015676465,67
3279,BOTTOM,3015668716,51
3280,JUNGLE,3015999992,60
3281,JUNGLE,3015972163,421
3282,NONE,3015939916,60
3283,NONE,3015921537,60
3284,JUNGLE,3015846896,421
3285,JUNGLE,3015737098,64
3286,TOP,3015753351,126
3287,TOP,3015729425,126
3288,TOP,3015669943,126
3289,TOP,3015660583,10
3290,BOTTOM,3015878549,67
3291,BOTTOM,3014497124,67
3292,JUNGLE,3014351663,120
3293,NONE,3014316670,60
3294,JUNGLE,3014331619,427
3295,NONE,3013957312,114
3296,TOP,3013943572,92
3297,NONE,3013916428,39
3298,TOP,3010787917,92
3299,TOP,3010790591,92
3300,NONE,3015586378,141
3301,JUNGLE,3015556249,145
3302,JUNGLE,3015526302,64
3303,NONE,3015509220,121
3304,JUNGLE,3015468188,121
3305,BOTTOM,3015879993,96
3306,TOP,3015855269,114
3307,BOTTOM,3015838752,67
3308,BOTTOM,3015674484,498
3309,BOTTOM,3015593321,96
3310,JUNGLE,3015145858,203
3311,JUNGLE,3015140659,203
3312,JUNGLE,3013331886,203
3313,JUNGLE,3013294122,203
3314,JUNGLE,3012694225,60
3315,BOTTOM,3013873531,16
3316,TOP,3013845750,54
3317,NONE,3013807221,421
3318,JUNGLE,3013312461,20
3319,JUNGLE,3013266401,203
3320,JUNGLE,3015795777,9
3321,MID,3015197604,59
3322,NONE,3015194026,33
3323,NONE,3015210234,99
3324,JUNGLE,3015159545,9
3325,NONE,3015704742,45
3326,TOP,3015697903,115
3327,NONE,3015683544,222
3328,NONE,3015669972,58
3329,NONE,3015654404,102
3330,BOTTOM,3015726363,412
3331,BOTTOM,3015720631,412
3332,NONE,3015685498,497
3333,JUNGLE,3015668601,64
3334,JUNGLE,3015629550,64
3335,MID,3015323917,238
3336,BOTTOM,3015213512,119
3337,NONE,3015169392,222
3338,BOTTOM,3015159545,222
3339,BOTTOM,3015134871,222
3340,NONE,3015825722,40
3341,NONE,3012629735,63
3342,BOTTOM,3012269371,21
3343,BOTTOM,3011726409,16
3344,NONE,3011677023,16
3345,BOTTOM,3015700167,74
3346,BOTTOM,3015669762,74
3347,BOTTOM,3015634829,74
3348,BOTTOM,3015585559,74
3349,BOTTOM,3015550982,74
3350,JUNGLE,3014355101,19
3351,NONE,3014281484,19
3352,JUNGLE,3014276474,19
3353,JUNGLE,3014252598,19
3354,JUNGLE,3014247042,19
3355,TOP,3015863939,92
3356,JUNGLE,3015839727,105
3357,JUNGLE,3015835531,24
3358,MID,3015806029,238
3359,MID,3015813869,238
3360,BOTTOM,3015096859,236
3361,NONE,3015086081,145
3362,BOTTOM,3015094396,145
3363,NONE,3015073450,18
3364,BOTTOM,3015071894,53
3365,BOTTOM,3013759189,432
3366,BOTTOM,3013137921,432
3367,BOTTOM,3012358047,432
3368,MID,3011600342,432
3369,BOTTOM,3010888377,432
3370,NONE,3015825722,10
3371,NONE,3015609614,50
3372,NONE,3015534350,81
3373,NONE,3015508096,101
3374,BOTTOM,3015500286,10
3375,JUNGLE,3015999992,24
3376,TOP,3015955286,10
3377,NONE,3015921537,107
3378,NONE,3015894586,10
3379,TOP,3015858296,107
3380,BOTTOM,3015233381,145
3381,BOTTOM,3014569086,236
3382,NONE,3014461863,518
3383,BOTTOM,3013844610,15
3384,BOTTOM,3013827968,518
3385,BOTTOM,3015999992,67
3386,BOTTOM,3015982920,51
3387,BOTTOM,3015944204,67
3388,BOTTOM,3015917728,119
3389,JUNGLE,3015649118,104
3390,JUNGLE,3012391947,120
3391,JUNGLE,3010760172,35
3392,JUNGLE,3010691066,120
3393,JUNGLE,3010675906,120
3394,TOP,3010534162,120
3395,MID,3015957427,25
3396,BOTTOM,3015859443,81
3397,BOTTOM,3015572761,18
3398,BOTTOM,3015544138,236
3399,NONE,3015498048,498
3400,BOTTOM,3015528278,22
3401,NONE,3015521626,22
3402,JUNGLE,3015492564,74
3403,MID,3015426638,22
3404,BOTTOM,3015400222,22
3405,MID,3015784725,39
3406,NONE,3015763558,84
3407,TOP,3015750513,68
3408,TOP,3015714044,126
3409,TOP,3015687880,68
3410,NONE,3015682647,20
3411,JUNGLE,3015644384,20
3412,JUNGLE,3015633299,20
3413,JUNGLE,3015605603,120
3414,TOP,3015556249,154
3415,NONE,3015334865,11
3416,JUNGLE,3014413044,11
3417,NONE,3014375445,11
3418,JUNGLE,3014346217,11
3419,JUNGLE,3014339536,11
3420,NONE,3015900119,203
3421,JUNGLE,3015191635,421
3422,NONE,3014226082,203
3423,JUNGLE,3014232957,79
3424,JUNGLE,3014199711,421
3425,NONE,3013747615,121
3426,TOP,3013704555,7
3427,TOP,3013701440,54
3428,JUNGLE,3013269471,59
3429,JUNGLE,3013281981,59
3430,BOTTOM,3015783824,53
3431,BOTTOM,3015771068,53
3432,TOP,3015756914,53
3433,BOTTOM,3015742948,53
3434,BOTTOM,3012276295,53
3435,TOP,3015917945,84
3436,BOTTOM,3015888268,201
3437,TOP,3015882284,84
3438,TOP,3015855518,240
3439,NONE,3015861594,6
3440,MID,3013753864,10
3441,TOP,3013718182,10
3442,MID,3013732811,163
3443,MID,3013707907,10
3444,MID,3012411062,7
3445,JUNGLE,3015807419,107
3446,JUNGLE,3015794547,107
3447,NONE,3015812269,107
3448,NONE,3015791385,36
3449,JUNGLE,3015789204,107
3450,TOP,3015738575,10
3451,MID,3015729546,38
3452,TOP,3015704845,238
3453,MID,3015678270,238
3454,JUNGLE,3015682125,56
3455,BOTTOM,3015573249,236
3456,BOTTOM,3014983801,236
3457,TOP,3014790824,85
3458,BOTTOM,3014505541,145
3459,BOTTOM,3014468335,81
3460,MID,3014270362,238
3461,MID,3013833341,238
3462,JUNGLE,3013814099,238
3463,BOTTOM,3013731046,498
3464,MID,3013705575,238
3465,TOP,3015210506,92
3466,TOP,3015164304,92
3467,MID,3015143844,39
3468,TOP,3015128816,39
3469,MID,3015106357,7
3470,JUNGLE,3014250003,254
3471,JUNGLE,3014235871,141
3472,JUNGLE,3014200284,421
3473,JUNGLE,3011904262,120
3474,NONE,3011857284,43
3475,BOTTOM,3015997718,555
3476,JUNGLE,3015957427,76
3477,JUNGLE,3015916295,203
3478,NONE,3015914368,421
3479,JUNGLE,3015515730,104
3480,JUNGLE,3015902474,79
3481,BOTTOM,3015870947,42
3482,TOP,3015510169,79
3483,JUNGLE,3015327359,59
3484,JUNGLE,3015256678,79
3485,BOTTOM,3015285180,44
3486,NONE,3015277300,201
3487,JUNGLE,3015270658,421
3488,BOTTOM,3015241676,16
3489,NONE,3015207805,40
3490,TOP,3015655620,84
3491,MID,3015634014,517
3492,MID,3015584998,8
3493,MID,3015423315,8
3494,JUNGLE,3015386669,8
3495,NONE,3015750904,58
3496,NONE,3015728307,516
3497,TOP,3015723515,6
3498,BOTTOM,3015688229,516
3499,NONE,3015682647,82
